arquivo,variantes,tsv_identico,csv_identico,vcf_identico,metricas_independem_da_ordem,vcf_carrega_sha_da_entrada,vcf_carrega_versao_clinvar,sha_entrada,sha_tsv,criterios_ok,criterios_total,tudo_ok
01-pequeno.vcf,1000,true,true,true,true,true,true,6aa02ca6eeeb8eae9cf0774ef98db136a59fb86b4c43960882d7d3fd2237f0d7,a378e51ea6a418156073d5367055ac5e9df5638fd61d3b47c5c42c08f4ce97bc,6,6,true
02-medio.vcf,25000,true,true,true,true,true,true,21fa9f4db1fb9a753f0ff3a115e69fb6c904be5462bf1c849e1528d28608846b,79dbdefac64f3f50d6b96f21a2f026e2421a1ea6146777161cff5c2fe7b50971,6,6,true
06-medio.vcf.gz,25000,true,true,true,true,true,true,a7c7020848168ca35de616b72d436ffb7331acec26cf86e47454390ccfc1b56b,7b6bafe3df36aba9c397dfdb8ce82c2aaa49a081b1dff434dc25f21ff11fb9d1,6,6,true
07-medio.zip,25000,true,true,true,true,true,true,e19a8ddf66ce279da1a691197cac66ab95fe485f055088bb77a65ff79211b704,b0b1a66efc08a486e7567204af5947e1a8698b4c5e4fe6d0f292ca4f008d87d1,6,6,true
08-grch37.vcf,25000,true,true,true,true,true,true,c672d8453ae884f8c0a39db0343a7c67408c0f33135380f22a466cd959874b00,3b306584c1d58a6177dcec978cd68bde78c22b8b687f734be6f3ff35aa47871d,6,6,true
09-sem-build.vcf,25000,true,true,true,true,true,true,bdf4c9c91abf5d92fbb9a2a191e4c43a76726cb3cf1d26f2f115b7e7f7af8a58,8636edfd2acb3b647d96f00a39096ed678ec71d877cda378a80674d724a32388,6,6,true
10-trio.vcf,4045,true,true,true,true,true,true,8dc5f5a33df4c76d1e62c14f37b952bc5bd749b427c9dd6d8a0e9cce10bdb77a,e2fc807de58d9144e6bd3776b019553b96c884098183efecbde90bace79283e9,6,6,true
11-ruim.vcf,25000,true,true,true,true,true,true,009a6cc2d01e7d87de64c30d4e4d27b63130dc68ccc5021f72aad76419758b95,277aaf8827d42a0dde83d17315d990365ec35c100eb532189d6826b581437b34,6,6,true
12-multiamostra.vcf,25000,true,true,true,true,true,true,b107c88335d7cacf91548feaa344daf4e0aba5a07cf6d070daee220218053515,d10bf017930fbe45d67ceca10f2619a0306a76873f4e9907dacee9f07f3a770e,6,6,true
