arquivo,etapa,funcao,n,mediana_ms,p95_ms,min_ms,max_ms,desvio_ms,heap_delta_mb,anotacao_ativa,erro,variantes,mb,lidas,truncado,build,build_presumido,amostras,variantes_por_segundo,mb_por_segundo,casadas,divergentes,fracao_casada,painel,genes_do_painel,bytes,celulas_estimadas
—,catalogo,carregar painéis,1,13.181,13.181,13.181,13.181,0,0.84,true,,,,,,,,,,,,,,,,,
—,catalogo,carregar símbolos,1,18.726,18.726,18.726,18.726,0,3.5,true,,,,,,,,,,,,,,,,,
—,catalogo,carregar ClinGen,1,13.118,13.118,13.118,13.118,0,2.26,true,,,,,,,,,,,,,,,,,
—,catalogo,carregar CPIC,1,27.809,27.809,27.809,27.809,0,5.06,true,,,,,,,,,,,,,,,,,
—,catalogo,índice de genes,3,3.932,7.042,2.354,7.042,2.386,1.15,true,,,,,,,,,,,,,,,,,
—,catalogo,montagem do índice ClinVar,1,903.556,903.556,903.556,903.556,0,206.81,true,,,,,,,,,,,,,,,,,
01-pequeno.vcf,integridade,sha256,2,1.001,1.703,0.298,1.703,0.993,0.01,true,,1000,0.068,,,,,,,,,,,,,,
01-pequeno.vcf,leitura,lerVCF,2,9.739,11.766,7.711,11.766,2.867,0.94,true,,1000,0.068,1000,false,GRCh38,false,1,102680,6.98,,,,,,,
01-pequeno.vcf,qualidade,resumo,2,0.436,0.595,0.277,0.595,0.225,-0.01,true,,1000,0.068,,,,,,,,,,,,,,
01-pequeno.vcf,qualidade,balanço alélico,2,1.802,2.381,1.223,2.381,0.819,0,true,,1000,0.068,,,,,,,,,,,,,,
01-pequeno.vcf,qualidade,Ti/Tv separado,2,0.306,0.404,0.209,0.404,0.138,0,true,,1000,0.068,,,,,,,,,,,,,,
01-pequeno.vcf,qualidade,verificação de sexo,2,0.248,0.401,0.095,0.401,0.216,0.01,true,,1000,0.068,,,,,,,,,,,,,,
01-pequeno.vcf,qualidade,espectro de substituição,2,1.076,1.551,0.6,1.551,0.673,0.01,true,,1000,0.068,,,,,,,,,,,,,,
01-pequeno.vcf,qualidade,histograma de profundidade,2,0.818,1.016,0.62,1.016,0.28,0.01,true,,1000,0.068,,,,,,,,,,,,,,
01-pequeno.vcf,qualidade,histograma de qualidade,2,0.959,0.963,0.954,0.963,0.007,0.01,true,,1000,0.068,,,,,,,,,,,,,,
01-pequeno.vcf,qualidade,por cromossomo,2,0.208,0.335,0.081,0.335,0.179,0,true,,1000,0.068,,,,,,,,,,,,,,
01-pequeno.vcf,genes,gene por posição,2,1.527,1.771,1.284,1.771,0.345,0.02,true,,1000,0.068,,,,,,,,,,,,,,
01-pequeno.vcf,anotacao,ClinVar,1,958.624,958.624,958.624,958.624,0,206.66,true,,1000,0.068,,,,,,,,80,1,0.08,,,,
01-pequeno.vcf,anotacao,resumo clínico,2,0.742,1.067,0.417,1.067,0.46,0.02,true,,1000,0.068,,,,,,,,,,,,,,
01-pequeno.vcf,anotacao,ClinGen,2,0.443,0.711,0.175,0.711,0.38,-0.02,true,,1000,0.068,,,,,,,,,,,,,,
01-pequeno.vcf,anotacao,CPIC,2,0.331,0.564,0.099,0.564,0.329,0.01,true,,1000,0.068,,,,,,,,,,,,,,
01-pequeno.vcf,anotacao,critérios ACMG,2,0.551,0.767,0.335,0.767,0.306,0.04,true,,1000,0.068,,,,,,,,,,,,,,
01-pequeno.vcf,anotacao,filtro por painel,2,0.239,0.4,0.078,0.4,0.228,0.01,true,,1000,0.068,,,,,,,,,,,ACMG SF v3.2 (achados secundários acionáveis),75,,
01-pequeno.vcf,heranca,heterozigoto composto,2,0.433,0.699,0.168,0.699,0.375,0.02,true,,1000,0.068,,,,,,,,,,,,,,
01-pequeno.vcf,saida,TSV,2,8.741,9.718,7.764,9.718,1.382,0.14,true,,1000,0.068,,,,,,,8.98,,,,,,82273,
01-pequeno.vcf,saida,CSV,2,8.013,8.994,7.033,8.994,1.387,0.1,true,,1000,0.068,,,,,,,9.91,,,,,,83277,
01-pequeno.vcf,saida,JSON,2,12.634,16.67,8.599,16.67,5.708,0.51,true,,1000,0.068,,,,,,,39.66,,,,,,525429,
01-pequeno.vcf,saida,VCF anotado,2,7.498,8.732,6.264,8.732,1.745,0.16,true,,1000,0.068,,,,,,,12.31,,,,,,96802,
01-pequeno.vcf,saida,XLSX,2,40.353,63.772,16.934,63.772,33.12,1.11,true,,1000,0.068,,,,,,,,,,,,,734581,
02-medio.vcf,integridade,sha256,2,3.922,4.823,3.022,4.823,1.274,0,true,,25000,1.666,,,,,,,,,,,,,,
02-medio.vcf,leitura,lerVCF,2,107.919,122.541,93.296,122.541,20.679,17.48,true,,25000,1.666,25000,false,GRCh38,false,1,231655,15.44,,,,,,,
02-medio.vcf,qualidade,resumo,2,22.047,26.787,17.307,26.787,6.704,-0.02,true,,25000,1.666,,,,,,,,,,,,,,
02-medio.vcf,qualidade,balanço alélico,2,26.298,44.867,7.728,44.867,26.262,0.01,true,,25000,1.666,,,,,,,,,,,,,,
02-medio.vcf,qualidade,Ti/Tv separado,2,2.943,3.565,2.322,3.565,0.879,0,true,,25000,1.666,,,,,,,,,,,,,,
02-medio.vcf,qualidade,verificação de sexo,2,1.834,1.858,1.81,1.858,0.034,0.02,true,,25000,1.666,,,,,,,,,,,,,,
02-medio.vcf,qualidade,espectro de substituição,2,13.448,14.341,12.556,14.341,1.262,0,true,,25000,1.666,,,,,,,,,,,,,,
02-medio.vcf,qualidade,histograma de profundidade,2,20.231,21.37,19.093,21.37,1.61,0.01,true,,25000,1.666,,,,,,,,,,,,,,
02-medio.vcf,qualidade,histograma de qualidade,2,28.936,31.277,26.595,31.277,3.311,0,true,,25000,1.666,,,,,,,,,,,,,,
02-medio.vcf,qualidade,por cromossomo,2,1.954,2.115,1.792,2.115,0.228,0.01,true,,25000,1.666,,,,,,,,,,,,,,
02-medio.vcf,genes,gene por posição,2,7.404,8.105,6.702,8.105,0.993,0.19,true,,25000,1.666,,,,,,,,,,,,,,
02-medio.vcf,anotacao,ClinVar,1,40.396,40.396,40.396,40.396,0,-0.17,true,,25000,1.666,,,,,,,,2001,2,0.08004,,,,
02-medio.vcf,anotacao,resumo clínico,2,3.708,3.808,3.608,3.808,0.142,0.1,true,,25000,1.666,,,,,,,,,,,,,,
02-medio.vcf,anotacao,ClinGen,2,2.444,2.618,2.27,2.618,0.247,-0.1,true,,25000,1.666,,,,,,,,,,,,,,
02-medio.vcf,anotacao,CPIC,2,11.501,15.233,7.768,15.233,5.278,0,true,,25000,1.666,,,,,,,,,,,,,,
02-medio.vcf,anotacao,critérios ACMG,2,9.856,10.193,9.518,10.193,0.477,0.3,true,,25000,1.666,,,,,,,,,,,,,,
02-medio.vcf,anotacao,filtro por painel,2,2.497,2.685,2.308,2.685,0.267,0.01,true,,25000,1.666,,,,,,,,,,,ACMG SF v3.2 (achados secundários acionáveis),75,,
02-medio.vcf,heranca,heterozigoto composto,2,2.845,3.243,2.447,3.243,0.563,0.05,true,,25000,1.666,,,,,,,,,,,,,,
02-medio.vcf,saida,TSV,2,93.817,104.243,83.391,104.243,14.744,3.82,true,,25000,1.666,,,,,,,20.81,,,,,,2047610,
02-medio.vcf,saida,CSV,2,64.316,80.713,47.92,80.713,23.188,3.94,true,,25000,1.666,,,,,,,30.73,,,,,,2072614,
02-medio.vcf,saida,JSON,2,112.016,132.047,91.984,132.047,28.329,25,true,,25000,1.666,,,,,,,111.68,,,,,,13117997,
02-medio.vcf,saida,VCF anotado,2,61.022,76.924,45.119,76.924,22.49,4.97,true,,25000,1.666,,,,,,,36.74,,,,,,2351166,
02-medio.vcf,saida,XLSX,2,582.071,704.463,459.68,704.463,173.088,-1.19,true,,25000,1.666,,,,,,,,,,,,,18801753,
03-exoma.vcf,integridade,sha256,2,17.272,19.885,14.659,19.885,3.695,0.02,true,,100000,6.665,,,,,,,,,,,,,,
03-exoma.vcf,leitura,lerVCF,2,318.988,349.378,288.598,349.378,42.978,71.44,true,,100000,6.665,100000,false,GRCh38,false,1,313491,20.89,,,,,,,
03-exoma.vcf,qualidade,resumo,2,31.733,46.81,16.657,46.81,21.321,-0.01,true,,100000,6.665,,,,,,,,,,,,,,
03-exoma.vcf,qualidade,balanço alélico,2,34.004,45.997,22.011,45.997,16.961,0,true,,100000,6.665,,,,,,,,,,,,,,
03-exoma.vcf,qualidade,Ti/Tv separado,2,13.346,14.436,12.256,14.436,1.542,0.01,true,,100000,6.665,,,,,,,,,,,,,,
03-exoma.vcf,qualidade,verificação de sexo,2,3.82,4.023,3.617,4.023,0.287,-0.01,true,,100000,6.665,,,,,,,,,,,,,,
03-exoma.vcf,qualidade,espectro de substituição,2,31.632,32.127,31.136,32.127,0.701,-0.01,true,,100000,6.665,,,,,,,,,,,,,,
03-exoma.vcf,qualidade,histograma de profundidade,2,55.366,61.182,49.551,61.182,8.224,0.01,true,,100000,6.665,,,,,,,,,,,,,,
03-exoma.vcf,qualidade,histograma de qualidade,2,92.421,98.735,86.106,98.735,8.93,-0.01,true,,100000,6.665,,,,,,,,,,,,,,
03-exoma.vcf,qualidade,por cromossomo,2,3.472,3.843,3.102,3.843,0.524,0,true,,100000,6.665,,,,,,,,,,,,,,
03-exoma.vcf,genes,gene por posição,2,21.815,24.337,19.292,24.337,3.567,0.75,true,,100000,6.665,,,,,,,,,,,,,,
03-exoma.vcf,anotacao,ClinVar,1,134.917,134.917,134.917,134.917,0,-0.59,true,,100000,6.665,,,,,,,,8004,11,0.08004,,,,
03-exoma.vcf,anotacao,resumo clínico,2,16.767,17.615,15.92,17.615,1.199,0.26,true,,100000,6.665,,,,,,,,,,,,,,
03-exoma.vcf,anotacao,ClinGen,2,15.306,15.35,15.263,15.35,0.062,-0.11,true,,100000,6.665,,,,,,,,,,,,,,
03-exoma.vcf,anotacao,CPIC,2,43.579,69.742,17.416,69.742,36.999,-0.01,true,,100000,6.665,,,,,,,,,,,,,,
03-exoma.vcf,anotacao,critérios ACMG,2,24.931,30.846,19.016,30.846,8.365,1.23,true,,100000,6.665,,,,,,,,,,,,,,
03-exoma.vcf,anotacao,filtro por painel,2,15.355,18.001,12.709,18.001,3.742,0.02,true,,100000,6.665,,,,,,,,,,,ACMG SF v3.2 (achados secundários acionáveis),75,,
03-exoma.vcf,heranca,heterozigoto composto,2,7.857,7.873,7.841,7.873,0.022,0.17,true,,100000,6.665,,,,,,,,,,,,,,
03-exoma.vcf,saida,TSV,2,257.587,281.598,233.577,281.598,33.956,15.38,true,,100000,6.665,,,,,,,30.35,,,,,,8197358,
03-exoma.vcf,saida,CSV,2,203.658,229.698,177.617,229.698,36.827,15.74,true,,100000,6.665,,,,,,,38.85,,,,,,8297362,
03-exoma.vcf,saida,JSON,2,464.405,503.428,425.382,503.428,55.187,100.02,true,,100000,6.665,,,,,,,107.77,,,,,,52477823,
03-exoma.vcf,saida,VCF anotado,2,198.378,241.941,154.814,241.941,61.608,17.9,true,,100000,6.665,,,,,,,45.22,,,,,,9405910,
03-exoma.vcf,saida,XLSX,2,3294.833,4177.507,2412.158,4177.507,1248.29,-0.73,true,,100000,6.665,,,,,,,,,,,,,75687749,
04-grande.vcf,integridade,sha256,2,87.803,111.952,63.654,111.952,34.152,-0.02,true,,400000,26.666,,,,,,,,,,,,,,
04-grande.vcf,leitura,lerVCF,2,2111.723,2327.416,1896.031,2327.416,305.035,286.63,true,,400000,26.666,400000,false,GRCh38,false,1,189419,12.63,,,,,,,
04-grande.vcf,qualidade,resumo,2,114.997,151.949,78.045,151.949,52.258,-0.01,true,,400000,26.666,,,,,,,,,,,,,,
04-grande.vcf,qualidade,balanço alélico,2,93.273,95.045,91.501,95.045,2.506,-0.01,true,,400000,26.666,,,,,,,,,,,,,,
04-grande.vcf,qualidade,Ti/Tv separado,2,42.234,58.729,25.739,58.729,23.327,0.01,true,,400000,26.666,,,,,,,,,,,,,,
04-grande.vcf,qualidade,verificação de sexo,2,4.848,5.711,3.984,5.711,1.221,0,true,,400000,26.666,,,,,,,,,,,,,,
04-grande.vcf,qualidade,espectro de substituição,2,77.676,84.136,71.217,84.136,9.135,0,true,,400000,26.666,,,,,,,,,,,,,,
04-grande.vcf,qualidade,histograma de profundidade,2,234.682,244.285,225.079,244.285,13.581,0.02,true,,400000,26.666,,,,,,,,,,,,,,
04-grande.vcf,qualidade,histograma de qualidade,2,513.372,519.62,507.125,519.62,8.835,0,true,,400000,26.666,,,,,,,,,,,,,,
04-grande.vcf,qualidade,por cromossomo,2,12.62,13.139,12.102,13.139,0.734,0,true,,400000,26.666,,,,,,,,,,,,,,
04-grande.vcf,genes,gene por posição,2,74.046,83.08,65.012,83.08,12.776,3.05,true,,400000,26.666,,,,,,,,,,,,,,
04-grande.vcf,anotacao,ClinVar,1,798.543,798.543,798.543,798.543,0,-2.46,true,,400000,26.666,,,,,,,,32012,56,0.08003,,,,
04-grande.vcf,anotacao,resumo clínico,2,51.204,64.911,37.497,64.911,19.385,0.47,true,,400000,26.666,,,,,,,,,,,,,,
04-grande.vcf,anotacao,ClinGen,2,52.209,64.949,39.468,64.949,18.018,0.15,true,,400000,26.666,,,,,,,,,,,,,,
04-grande.vcf,anotacao,CPIC,2,115.448,182.79,48.107,182.79,95.235,-0.01,true,,400000,26.666,,,,,,,,,,,,,,
04-grande.vcf,anotacao,critérios ACMG,2,94.236,103.088,85.385,103.088,12.518,4.95,true,,400000,26.666,,,,,,,,,,,,,,
04-grande.vcf,anotacao,filtro por painel,2,35.211,45.923,24.499,45.923,15.149,0.05,true,,400000,26.666,,,,,,,,,,,ACMG SF v3.2 (achados secundários acionáveis),75,,
04-grande.vcf,heranca,heterozigoto composto,2,51.585,63.016,40.154,63.016,16.166,0.46,true,,400000,26.666,,,,,,,,,,,,,,
04-grande.vcf,saida,TSV,2,1336.523,1580.723,1092.322,1580.723,345.352,61.74,true,,400000,26.666,,,,,,,23.4,,,,,,32799658,
04-grande.vcf,saida,CSV,2,896.11,961.61,830.61,961.61,92.631,63.02,true,,400000,26.666,,,,,,,35.33,,,,,,33199662,
04-grande.vcf,saida,JSON,2,2605.788,2905.878,2305.698,2905.878,424.391,400.09,true,,400000,26.666,,,,,,,76.83,,,,,,209920165,
04-grande.vcf,saida,VCF anotado,2,647.607,702.731,592.483,702.731,77.957,71.63,true,,400000,26.666,,,,,,,55.42,,,,,,37632500,
05-acima-do-teto.vcf,integridade,sha256,2,184.14,258.906,109.374,258.906,105.735,0.02,true,,600000,39.968,,,,,,,,,,,,,,
05-acima-do-teto.vcf,leitura,lerVCF,2,1991.247,2106.909,1875.585,2106.909,163.571,286.57,true,,600000,39.968,400000,true,GRCh38,false,1,200879,20.07,,,,,,,
05-acima-do-teto.vcf,qualidade,resumo,2,106.159,128.511,83.807,128.511,31.61,-0.01,true,,400000,39.968,,,,,,,,,,,,,,
05-acima-do-teto.vcf,qualidade,balanço alélico,2,109.83,128.393,91.266,128.393,26.253,0,true,,400000,39.968,,,,,,,,,,,,,,
05-acima-do-teto.vcf,qualidade,Ti/Tv separado,2,41.551,59.526,23.576,59.526,25.421,0.01,true,,400000,39.968,,,,,,,,,,,,,,
05-acima-do-teto.vcf,qualidade,verificação de sexo,2,6.121,6.735,5.507,6.735,0.869,0,true,,400000,39.968,,,,,,,,,,,,,,
05-acima-do-teto.vcf,qualidade,espectro de substituição,2,87.435,99.822,75.048,99.822,17.517,0,true,,400000,39.968,,,,,,,,,,,,,,
05-acima-do-teto.vcf,qualidade,histograma de profundidade,2,244.848,255.191,234.505,255.191,14.627,0,true,,400000,39.968,,,,,,,,,,,,,,
05-acima-do-teto.vcf,qualidade,histograma de qualidade,2,471.864,487.456,456.272,487.456,22.05,0,true,,400000,39.968,,,,,,,,,,,,,,
05-acima-do-teto.vcf,qualidade,por cromossomo,2,15.386,15.732,15.04,15.732,0.489,0,true,,400000,39.968,,,,,,,,,,,,,,
05-acima-do-teto.vcf,genes,gene por posição,2,75.973,88.255,63.69,88.255,17.37,3.05,true,,400000,39.968,,,,,,,,,,,,,,
05-acima-do-teto.vcf,anotacao,ClinVar,1,503.357,503.357,503.357,503.357,0,-2.11,true,,400000,39.968,,,,,,,,25455,35,0.063637,,,,
05-acima-do-teto.vcf,anotacao,resumo clínico,2,40.08,51.648,28.511,51.648,16.361,0.43,true,,400000,39.968,,,,,,,,,,,,,,
05-acima-do-teto.vcf,anotacao,ClinGen,2,35.813,51.25,20.377,51.25,21.831,0.06,true,,400000,39.968,,,,,,,,,,,,,,
05-acima-do-teto.vcf,anotacao,CPIC,2,102.916,164.617,41.214,164.617,87.259,-0.01,true,,400000,39.968,,,,,,,,,,,,,,
05-acima-do-teto.vcf,anotacao,critérios ACMG,2,73.117,78.138,68.096,78.138,7.101,3.92,true,,400000,39.968,,,,,,,,,,,,,,
05-acima-do-teto.vcf,anotacao,filtro por painel,2,34.945,42.162,27.728,42.162,10.207,0.04,true,,400000,39.968,,,,,,,,,,,ACMG SF v3.2 (achados secundários acionáveis),75,,
05-acima-do-teto.vcf,heranca,heterozigoto composto,2,30.149,35.572,24.727,35.572,7.668,0.4,true,,400000,39.968,,,,,,,,,,,,,,
05-acima-do-teto.vcf,saida,TSV,2,1155.689,1293.58,1017.799,1293.58,195.006,60.44,true,,400000,39.968,,,,,,,26.44,,,,,,32046267,
05-acima-do-teto.vcf,saida,CSV,2,967.226,1055.612,878.839,1055.612,124.997,61.64,true,,400000,39.968,,,,,,,31.99,,,,,,32446271,
05-acima-do-teto.vcf,saida,JSON,2,3166.578,3798.074,2535.083,3798.074,893.07,398.74,true,,400000,39.968,,,,,,,63,,,,,,209183100,
05-acima-do-teto.vcf,saida,VCF anotado,2,699.837,813.252,586.422,813.252,160.393,69.18,true,,400000,39.968,,,,,,,49.51,,,,,,36333264,
06-medio.vcf.gz,integridade,sha256,2,2.226,3.485,0.967,3.485,1.781,0,true,,25000,0.52,,,,,,,,,,,,,,
06-medio.vcf.gz,leitura,lerVCF,2,94.623,107.802,81.444,107.802,18.638,18.28,true,,25000,0.52,25000,false,GRCh38,false,1,264206,5.5,,,,,,,
06-medio.vcf.gz,qualidade,resumo,2,11.546,11.688,11.404,11.688,0.201,-0.01,true,,25000,0.52,,,,,,,,,,,,,,
06-medio.vcf.gz,qualidade,balanço alélico,2,9.46,10.787,8.132,10.787,1.877,0,true,,25000,0.52,,,,,,,,,,,,,,
06-medio.vcf.gz,qualidade,Ti/Tv separado,2,2.771,3.081,2.461,3.081,0.438,0,true,,25000,0.52,,,,,,,,,,,,,,
06-medio.vcf.gz,qualidade,verificação de sexo,2,0.22,0.279,0.16,0.279,0.084,-0.03,true,,25000,0.52,,,,,,,,,,,,,,
06-medio.vcf.gz,qualidade,espectro de substituição,2,4.851,5.129,4.573,5.129,0.394,0,true,,25000,0.52,,,,,,,,,,,,,,
06-medio.vcf.gz,qualidade,histograma de profundidade,2,15.693,16.209,15.176,16.209,0.73,0.01,true,,25000,0.52,,,,,,,,,,,,,,
06-medio.vcf.gz,qualidade,histograma de qualidade,2,24.287,26.112,22.463,26.112,2.58,0,true,,25000,0.52,,,,,,,,,,,,,,
06-medio.vcf.gz,qualidade,por cromossomo,2,0.637,0.753,0.521,0.753,0.164,0,true,,25000,0.52,,,,,,,,,,,,,,
06-medio.vcf.gz,genes,gene por posição,2,7.271,7.424,7.118,7.424,0.217,0.19,true,,25000,0.52,,,,,,,,,,,,,,
06-medio.vcf.gz,anotacao,ClinVar,1,42.809,42.809,42.809,42.809,0,-0.12,true,,25000,0.52,,,,,,,,2001,3,0.08004,,,,
06-medio.vcf.gz,anotacao,resumo clínico,2,3.455,3.498,3.412,3.498,0.061,0.1,true,,25000,0.52,,,,,,,,,,,,,,
06-medio.vcf.gz,anotacao,ClinGen,2,2.904,3.36,2.448,3.36,0.645,-0.1,true,,25000,0.52,,,,,,,,,,,,,,
06-medio.vcf.gz,anotacao,CPIC,2,8.071,13.299,2.843,13.299,7.394,0,true,,25000,0.52,,,,,,,,,,,,,,
06-medio.vcf.gz,anotacao,critérios ACMG,2,7.053,8.958,5.148,8.958,2.694,0.3,true,,25000,0.52,,,,,,,,,,,,,,
06-medio.vcf.gz,anotacao,filtro por painel,2,3.143,4.143,2.144,4.143,1.414,0.01,true,,25000,0.52,,,,,,,,,,,ACMG SF v3.2 (achados secundários acionáveis),75,,
06-medio.vcf.gz,heranca,heterozigoto composto,2,2.229,2.659,1.799,2.659,0.608,0.04,true,,25000,0.52,,,,,,,,,,,,,,
06-medio.vcf.gz,saida,TSV,2,68.369,82.666,54.071,82.666,20.22,3.84,true,,25000,0.52,,,,,,,28.57,,,,,,2048146,
06-medio.vcf.gz,saida,CSV,2,64.769,82.638,46.9,82.638,25.271,3.94,true,,25000,0.52,,,,,,,30.53,,,,,,2073150,
06-medio.vcf.gz,saida,JSON,2,112.315,126.988,97.642,126.988,20.751,25,true,,25000,0.52,,,,,,,111.39,,,,,,13118534,
06-medio.vcf.gz,saida,VCF anotado,2,57.551,72.929,42.173,72.929,21.748,4.54,true,,25000,0.52,,,,,,,38.98,,,,,,2352200,
06-medio.vcf.gz,saida,XLSX,2,616.397,657.443,575.35,657.443,58.048,-0.06,true,,25000,0.52,,,,,,,,,,,,,18807059,
07-medio.zip,integridade,sha256,2,4.125,4.959,3.292,4.959,1.179,0,true,,25000,1.667,,,,,,,,,,,,,,
07-medio.zip,leitura,extrairDoZip,2,23.778,42.055,5.501,42.055,25.848,0.07,true,,25000,1.667,,,,,,,,,,,,,,
07-medio.zip,leitura,lerVCF,2,93.341,101.739,84.944,101.739,11.876,17.91,true,,25000,1.667,25000,false,GRCh38,false,1,267835,17.86,,,,,,,
07-medio.zip,qualidade,resumo,2,19.458,20.406,18.511,20.406,1.34,-0.01,true,,25000,1.667,,,,,,,,,,,,,,
07-medio.zip,qualidade,balanço alélico,2,7.087,7.288,6.885,7.288,0.285,0,true,,25000,1.667,,,,,,,,,,,,,,
07-medio.zip,qualidade,Ti/Tv separado,2,2.817,3.134,2.501,3.134,0.448,0,true,,25000,1.667,,,,,,,,,,,,,,
07-medio.zip,qualidade,verificação de sexo,2,0.372,0.536,0.208,0.536,0.232,0,true,,25000,1.667,,,,,,,,,,,,,,
07-medio.zip,qualidade,espectro de substituição,2,8.561,11.079,6.042,11.079,3.562,0,true,,25000,1.667,,,,,,,,,,,,,,
07-medio.zip,qualidade,histograma de profundidade,2,14.453,14.731,14.176,14.731,0.392,0.01,true,,25000,1.667,,,,,,,,,,,,,,
07-medio.zip,qualidade,histograma de qualidade,2,24.55,25.436,23.664,25.436,1.252,0,true,,25000,1.667,,,,,,,,,,,,,,
07-medio.zip,qualidade,por cromossomo,2,0.981,1.205,0.757,1.205,0.317,0,true,,25000,1.667,,,,,,,,,,,,,,
07-medio.zip,genes,gene por posição,2,7.045,7.61,6.48,7.61,0.799,0.19,true,,25000,1.667,,,,,,,,,,,,,,
07-medio.zip,anotacao,ClinVar,1,48.347,48.347,48.347,48.347,0,-0.09,true,,25000,1.667,,,,,,,,2001,1,0.08004,,,,
07-medio.zip,anotacao,resumo clínico,2,4.25,4.336,4.163,4.336,0.123,0.12,true,,25000,1.667,,,,,,,,,,,,,,
07-medio.zip,anotacao,ClinGen,2,3.408,4.183,2.632,4.183,1.097,-0.08,true,,25000,1.667,,,,,,,,,,,,,,
07-medio.zip,anotacao,CPIC,2,7.033,10.901,3.166,10.901,5.47,-0.01,true,,25000,1.667,,,,,,,,,,,,,,
07-medio.zip,anotacao,critérios ACMG,2,5.218,5.425,5.012,5.425,0.292,0.3,true,,25000,1.667,,,,,,,,,,,,,,
07-medio.zip,anotacao,filtro por painel,2,2.808,2.821,2.794,2.821,0.019,0.01,true,,25000,1.667,,,,,,,,,,,ACMG SF v3.2 (achados secundários acionáveis),75,,
07-medio.zip,heranca,heterozigoto composto,2,1.455,1.63,1.279,1.63,0.248,0.05,true,,25000,1.667,,,,,,,,,,,,,,
07-medio.zip,saida,TSV,2,76.834,91.823,61.845,91.823,21.198,3.84,true,,25000,1.667,,,,,,,25.42,,,,,,2048158,
07-medio.zip,saida,CSV,2,67.034,84.445,49.623,84.445,24.623,3.94,true,,25000,1.667,,,,,,,29.49,,,,,,2073162,
07-medio.zip,saida,JSON,2,125.117,134.467,115.766,134.467,13.224,25,true,,25000,1.667,,,,,,,99.99,,,,,,13118545,
07-medio.zip,saida,VCF anotado,2,53.322,67.816,38.828,67.816,20.497,4.48,true,,25000,1.667,,,,,,,42.06,,,,,,2351790,
07-medio.zip,saida,XLSX,2,581.392,661.051,501.732,661.051,112.655,0.03,true,,25000,1.667,,,,,,,,,,,,,18807025,
08-grch37.vcf,integridade,sha256,2,4.774,5.618,3.93,5.618,1.194,0,true,,25000,1.668,,,,,,,,,,,,,,
08-grch37.vcf,leitura,lerVCF,2,88.076,90.173,85.98,90.173,2.965,17.95,true,,25000,1.668,25000,false,GRCh37,false,1,283846,18.94,,,,,,,
08-grch37.vcf,qualidade,resumo,2,12.312,12.67,11.954,12.67,0.506,-0.01,true,,25000,1.668,,,,,,,,,,,,,,
08-grch37.vcf,qualidade,balanço alélico,2,6.7,6.877,6.523,6.877,0.25,0,true,,25000,1.668,,,,,,,,,,,,,,
08-grch37.vcf,qualidade,Ti/Tv separado,2,3.354,3.81,2.897,3.81,0.646,-0.01,true,,25000,1.668,,,,,,,,,,,,,,
08-grch37.vcf,qualidade,verificação de sexo,2,0.371,0.425,0.317,0.425,0.076,0,true,,25000,1.668,,,,,,,,,,,,,,
08-grch37.vcf,qualidade,espectro de substituição,2,5.216,5.601,4.831,5.601,0.545,0,true,,25000,1.668,,,,,,,,,,,,,,
08-grch37.vcf,qualidade,histograma de profundidade,2,17.334,17.587,17.081,17.587,0.358,0,true,,25000,1.668,,,,,,,,,,,,,,
08-grch37.vcf,qualidade,histograma de qualidade,2,24.085,25.767,22.403,25.767,2.379,0,true,,25000,1.668,,,,,,,,,,,,,,
08-grch37.vcf,qualidade,por cromossomo,2,0.69,0.809,0.572,0.809,0.167,0,true,,25000,1.668,,,,,,,,,,,,,,
08-grch37.vcf,genes,gene por posição,2,6.168,6.791,5.546,6.791,0.88,0.19,true,,25000,1.668,,,,,,,,,,,,,,
08-grch37.vcf,anotacao,ClinVar,1,23.417,23.417,23.417,23.417,0,-0.13,true,,25000,1.668,,,,,,,,1668,1,0.06672,,,,
08-grch37.vcf,anotacao,resumo clínico,2,2.68,2.927,2.433,2.927,0.349,0.11,true,,25000,1.668,,,,,,,,,,,,,,
08-grch37.vcf,anotacao,ClinGen,2,2.823,3.192,2.453,3.192,0.522,-0.06,true,,25000,1.668,,,,,,,,,,,,,,
08-grch37.vcf,anotacao,CPIC,2,9.276,14.606,3.947,14.606,7.537,0,true,,25000,1.668,,,,,,,,,,,,,,
08-grch37.vcf,anotacao,critérios ACMG,2,4.74,4.764,4.717,4.764,0.034,0.25,true,,25000,1.668,,,,,,,,,,,,,,
08-grch37.vcf,anotacao,filtro por painel,2,2.745,3.654,1.836,3.654,1.285,0.01,true,,25000,1.668,,,,,,,,,,,ACMG SF v3.2 (achados secundários acionáveis),75,,
08-grch37.vcf,heranca,heterozigoto composto,2,1.813,1.929,1.698,1.929,0.163,0.03,true,,25000,1.668,,,,,,,,,,,,,,
08-grch37.vcf,saida,TSV,2,74.501,91.806,57.196,91.806,24.473,3.78,true,,25000,1.668,,,,,,,25.73,,,,,,2010049,
08-grch37.vcf,saida,CSV,2,66.417,87.794,45.04,87.794,30.231,3.87,true,,25000,1.668,,,,,,,29.22,,,,,,2035053,
08-grch37.vcf,saida,JSON,2,103.891,118.489,89.293,118.489,20.645,24.93,true,,25000,1.668,,,,,,,120.08,,,,,,13081103,
08-grch37.vcf,saida,VCF anotado,2,56.311,75.593,37.03,75.593,27.268,4.36,true,,25000,1.668,,,,,,,38.75,,,,,,2288276,
08-grch37.vcf,saida,XLSX,2,537.808,563.058,512.557,563.058,35.71,0.04,true,,25000,1.668,,,,,,,,,,,,,18634770,
09-sem-build.vcf,integridade,sha256,2,3.612,5.001,2.223,5.001,1.964,0,true,,25000,1.667,,,,,,,,,,,,,,
09-sem-build.vcf,leitura,lerVCF,2,82.29,86.153,78.427,86.153,5.463,17.91,true,,25000,1.667,25000,false,GRCh38,false,1,303804,20.26,,,,,,,
09-sem-build.vcf,qualidade,resumo,2,13.157,13.3,13.013,13.3,0.203,-0.01,true,,25000,1.667,,,,,,,,,,,,,,
09-sem-build.vcf,qualidade,balanço alélico,2,5.952,7.394,4.51,7.394,2.04,0.01,true,,25000,1.667,,,,,,,,,,,,,,
09-sem-build.vcf,qualidade,Ti/Tv separado,2,2.564,3.154,1.975,3.154,0.834,0,true,,25000,1.667,,,,,,,,,,,,,,
09-sem-build.vcf,qualidade,verificação de sexo,2,0.335,0.412,0.258,0.412,0.109,0,true,,25000,1.667,,,,,,,,,,,,,,
09-sem-build.vcf,qualidade,espectro de substituição,2,13.122,20.221,6.024,20.221,10.039,0,true,,25000,1.667,,,,,,,,,,,,,,
09-sem-build.vcf,qualidade,histograma de profundidade,2,22.133,22.745,21.522,22.745,0.865,0,true,,25000,1.667,,,,,,,,,,,,,,
09-sem-build.vcf,qualidade,histograma de qualidade,2,29.203,37.302,21.103,37.302,11.455,0,true,,25000,1.667,,,,,,,,,,,,,,
09-sem-build.vcf,qualidade,por cromossomo,2,1.579,1.714,1.444,1.714,0.191,0,true,,25000,1.667,,,,,,,,,,,,,,
09-sem-build.vcf,genes,gene por posição,2,5.931,6.866,4.995,6.866,1.323,0.19,true,,25000,1.667,,,,,,,,,,,,,,
09-sem-build.vcf,anotacao,ClinVar,1,43.669,43.669,43.669,43.669,0,-0.12,true,,25000,1.667,,,,,,,,2002,4,0.08008,,,,
09-sem-build.vcf,anotacao,resumo clínico,2,2.998,3.088,2.908,3.088,0.128,0.1,true,,25000,1.667,,,,,,,,,,,,,,
09-sem-build.vcf,anotacao,ClinGen,2,3.676,3.716,3.636,3.716,0.057,-0.08,true,,25000,1.667,,,,,,,,,,,,,,
09-sem-build.vcf,anotacao,CPIC,2,9.556,13.844,5.269,13.844,6.063,-0.01,true,,25000,1.667,,,,,,,,,,,,,,
09-sem-build.vcf,anotacao,critérios ACMG,2,4.311,4.952,3.671,4.952,0.906,0.3,true,,25000,1.667,,,,,,,,,,,,,,
09-sem-build.vcf,anotacao,filtro por painel,2,3.784,4.571,2.997,4.571,1.113,0.01,true,,25000,1.667,,,,,,,,,,,ACMG SF v3.2 (achados secundários acionáveis),75,,
09-sem-build.vcf,heranca,heterozigoto composto,2,1.705,1.763,1.647,1.763,0.082,0.04,true,,25000,1.667,,,,,,,,,,,,,,
09-sem-build.vcf,saida,TSV,2,87.433,100.313,74.553,100.313,18.215,3.84,true,,25000,1.667,,,,,,,22.34,,,,,,2048284,
09-sem-build.vcf,saida,CSV,2,62.447,79.111,45.783,79.111,23.567,3.94,true,,25000,1.667,,,,,,,31.66,,,,,,2073288,
09-sem-build.vcf,saida,JSON,2,108.501,124.912,92.09,124.912,23.208,25.02,true,,25000,1.667,,,,,,,115.31,,,,,,13118670,
09-sem-build.vcf,saida,VCF anotado,2,53.214,69.745,36.682,69.745,23.379,4.48,true,,25000,1.667,,,,,,,42.16,,,,,,2352383,
09-sem-build.vcf,saida,XLSX,2,538.062,657.057,419.067,657.057,168.284,0.01,true,,25000,1.667,,,,,,,,,,,,,18806567,
10-trio.vcf,integridade,sha256,2,1.289,1.608,0.969,1.608,0.452,-0.14,true,,4045,0.39,,,,,,,,,,,,,,
10-trio.vcf,leitura,lerVCF,2,27.474,29.634,25.315,29.634,3.054,5.91,true,,4045,0.39,4045,false,GRCh38,false,3,147230,14.2,,,,,,,
10-trio.vcf,qualidade,resumo,2,2.461,3.16,1.762,3.16,0.989,0.01,true,,4045,0.39,,,,,,,,,,,,,,
10-trio.vcf,qualidade,balanço alélico,2,0.545,0.602,0.488,0.602,0.081,0,true,,4045,0.39,,,,,,,,,,,,,,
10-trio.vcf,qualidade,Ti/Tv separado,2,0.536,0.692,0.381,0.692,0.22,0,true,,4045,0.39,,,,,,,,,,,,,,
10-trio.vcf,qualidade,verificação de sexo,2,0.034,0.049,0.019,0.049,0.021,0,true,,4045,0.39,,,,,,,,,,,,,,
10-trio.vcf,qualidade,espectro de substituição,2,1.158,1.222,1.094,1.222,0.091,-0.01,true,,4045,0.39,,,,,,,,,,,,,,
10-trio.vcf,qualidade,histograma de profundidade,2,2.328,2.545,2.11,2.545,0.308,-0.01,true,,4045,0.39,,,,,,,,,,,,,,
10-trio.vcf,qualidade,histograma de qualidade,2,4.047,4.053,4.042,4.053,0.008,0,true,,4045,0.39,,,,,,,,,,,,,,
10-trio.vcf,qualidade,por cromossomo,2,0.21,0.237,0.184,0.237,0.038,0,true,,4045,0.39,,,,,,,,,,,,,,
10-trio.vcf,genes,gene por posição,2,1.212,1.357,1.067,1.357,0.205,0.03,true,,4045,0.39,,,,,,,,,,,,,,
10-trio.vcf,anotacao,ClinVar,1,7.811,7.811,7.811,7.811,0,-0.02,true,,4045,0.39,,,,,,,,321,1,0.079357,,,,
10-trio.vcf,anotacao,resumo clínico,2,0.806,0.917,0.695,0.917,0.157,0.03,true,,4045,0.39,,,,,,,,,,,,,,
10-trio.vcf,anotacao,ClinGen,2,0.725,0.96,0.49,0.96,0.333,-0.02,true,,4045,0.39,,,,,,,,,,,,,,
10-trio.vcf,anotacao,CPIC,2,1.377,2.194,0.56,2.194,1.155,0.01,true,,4045,0.39,,,,,,,,,,,,,,
10-trio.vcf,anotacao,critérios ACMG,2,0.833,0.922,0.744,0.922,0.126,0.04,true,,4045,0.39,,,,,,,,,,,,,,
10-trio.vcf,anotacao,filtro por painel,2,0.402,0.517,0.287,0.517,0.162,-0.02,true,,4045,0.39,,,,,,,,,,,ACMG SF v3.2 (achados secundários acionáveis),75,,
10-trio.vcf,heranca,heterozigoto composto,2,0.286,0.398,0.175,0.398,0.158,0,true,,4045,0.39,,,,,,,,,,,,,,
10-trio.vcf,heranca,análise de trio,2,1.756,2.116,1.396,2.116,0.51,0.03,true,,4045,0.39,,,,,,,,,,,,,,
10-trio.vcf,saida,TSV,2,21.955,32.497,11.414,32.497,14.908,0.59,true,,4045,0.39,,,,,,,14.38,,,,,,330966,
10-trio.vcf,saida,CSV,2,26.354,27.018,25.69,27.018,0.939,0.64,true,,4045,0.39,,,,,,,12.12,,,,,,335015,
10-trio.vcf,saida,JSON,2,31.325,44.814,17.836,44.814,19.077,4.05,true,,4045,0.39,,,,,,,64.62,,,,,,2122505,
10-trio.vcf,saida,VCF anotado,2,26.596,32.14,21.052,32.14,7.84,1,true,,4045,0.39,,,,,,,18.2,,,,,,507589,
10-trio.vcf,saida,XLSX,2,80.51,97.062,63.958,97.062,23.409,-0.04,true,,4045,0.39,,,,,,,,,,,,,2996676,
11-ruim.vcf,integridade,sha256,2,5.552,7.082,4.023,7.082,2.163,0,true,,25000,1.673,,,,,,,,,,,,,,
11-ruim.vcf,leitura,lerVCF,2,114.313,134.663,93.963,134.663,28.779,17.91,true,,25000,1.673,25000,false,GRCh38,false,1,218698,14.64,,,,,,,
11-ruim.vcf,qualidade,resumo,2,13.33,14.516,12.145,14.516,1.676,-0.01,true,,25000,1.673,,,,,,,,,,,,,,
11-ruim.vcf,qualidade,balanço alélico,2,10.663,11.045,10.28,11.045,0.541,0,true,,25000,1.673,,,,,,,,,,,,,,
11-ruim.vcf,qualidade,Ti/Tv separado,2,2.573,3.038,2.107,3.038,0.658,0,true,,25000,1.673,,,,,,,,,,,,,,
11-ruim.vcf,qualidade,verificação de sexo,2,0.526,0.806,0.246,0.806,0.396,-0.02,true,,25000,1.673,,,,,,,,,,,,,,
11-ruim.vcf,qualidade,espectro de substituição,2,9.657,11.489,7.826,11.489,2.59,0,true,,25000,1.673,,,,,,,,,,,,,,
11-ruim.vcf,qualidade,histograma de profundidade,2,21.06,25.498,16.622,25.498,6.277,0,true,,25000,1.673,,,,,,,,,,,,,,
11-ruim.vcf,qualidade,histograma de qualidade,2,27.364,28.556,26.172,28.556,1.686,0,true,,25000,1.673,,,,,,,,,,,,,,
11-ruim.vcf,qualidade,por cromossomo,2,0.869,0.982,0.755,0.982,0.161,0,true,,25000,1.673,,,,,,,,,,,,,,
11-ruim.vcf,genes,gene por posição,2,6.366,6.888,5.843,6.888,0.739,0.19,true,,25000,1.673,,,,,,,,,,,,,,
11-ruim.vcf,anotacao,ClinVar,1,42.259,42.259,42.259,42.259,0,-0.12,true,,25000,1.673,,,,,,,,2001,5,0.08004,,,,
11-ruim.vcf,anotacao,resumo clínico,2,4.047,4.664,3.429,4.664,0.874,0.12,true,,25000,1.673,,,,,,,,,,,,,,
11-ruim.vcf,anotacao,ClinGen,2,6.09,6.593,5.586,6.593,0.712,-0.08,true,,25000,1.673,,,,,,,,,,,,,,
11-ruim.vcf,anotacao,CPIC,2,7.89,12.482,3.299,12.482,6.493,-0.01,true,,25000,1.673,,,,,,,,,,,,,,
11-ruim.vcf,anotacao,critérios ACMG,2,4.935,5.102,4.769,5.102,0.236,0.3,true,,25000,1.673,,,,,,,,,,,,,,
11-ruim.vcf,anotacao,filtro por painel,2,3.298,3.59,3.007,3.59,0.412,0.01,true,,25000,1.673,,,,,,,,,,,ACMG SF v3.2 (achados secundários acionáveis),75,,
11-ruim.vcf,heranca,heterozigoto composto,2,1.92,1.946,1.894,1.946,0.036,0.04,true,,25000,1.673,,,,,,,,,,,,,,
11-ruim.vcf,saida,TSV,2,109.37,120.277,98.463,120.277,15.425,3.86,true,,25000,1.673,,,,,,,17.95,,,,,,2058740,
11-ruim.vcf,saida,CSV,2,69.191,85.648,52.735,85.648,23.273,3.96,true,,25000,1.673,,,,,,,28.72,,,,,,2083744,
11-ruim.vcf,saida,JSON,2,125.679,146.178,105.18,146.178,28.99,25.02,true,,25000,1.673,,,,,,,99.63,,,,,,13129127,
11-ruim.vcf,saida,VCF anotado,2,55.344,69.586,41.102,69.586,20.141,4.5,true,,25000,1.673,,,,,,,40.73,,,,,,2363834,
11-ruim.vcf,saida,XLSX,2,632.6,735.794,529.405,735.794,145.94,0.02,true,,25000,1.673,,,,,,,,,,,,,18824777,
12-multiamostra.vcf,integridade,sha256,2,8.477,8.963,7.992,8.963,0.687,0,true,,25000,3.145,,,,,,,,,,,,,,
12-multiamostra.vcf,leitura,lerVCF,2,274.781,314.464,235.099,314.464,56.119,49.95,true,,25000,3.145,25000,false,GRCh38,false,5,90982,11.45,,,,,,,
12-multiamostra.vcf,qualidade,resumo,2,12.807,13.406,12.208,13.406,0.848,0.01,true,,25000,3.145,,,,,,,,,,,,,,
12-multiamostra.vcf,qualidade,balanço alélico,2,11.086,13.471,8.7,13.471,3.374,0,true,,25000,3.145,,,,,,,,,,,,,,
12-multiamostra.vcf,qualidade,Ti/Tv separado,2,3.158,3.764,2.552,3.764,0.857,0,true,,25000,3.145,,,,,,,,,,,,,,
12-multiamostra.vcf,qualidade,verificação de sexo,2,0.221,0.264,0.178,0.264,0.061,0,true,,25000,3.145,,,,,,,,,,,,,,
12-multiamostra.vcf,qualidade,espectro de substituição,2,6.567,6.735,6.399,6.735,0.237,-0.01,true,,25000,3.145,,,,,,,,,,,,,,
12-multiamostra.vcf,qualidade,histograma de profundidade,2,15.633,16.491,14.775,16.491,1.213,0.01,true,,25000,3.145,,,,,,,,,,,,,,
12-multiamostra.vcf,qualidade,histograma de qualidade,2,28.909,33.003,24.815,33.003,5.79,-0.01,true,,25000,3.145,,,,,,,,,,,,,,
12-multiamostra.vcf,qualidade,por cromossomo,2,0.586,0.603,0.569,0.603,0.024,0,true,,25000,3.145,,,,,,,,,,,,,,
12-multiamostra.vcf,genes,gene por posição,2,6.877,7.194,6.56,7.194,0.449,0.19,true,,25000,3.145,,,,,,,,,,,,,,
12-multiamostra.vcf,anotacao,ClinVar,1,45.574,45.574,45.574,45.574,0,-0.12,true,,25000,3.145,,,,,,,,2001,4,0.08004,,,,
12-multiamostra.vcf,anotacao,resumo clínico,2,3.392,3.646,3.138,3.646,0.359,0.1,true,,25000,3.145,,,,,,,,,,,,,,
12-multiamostra.vcf,anotacao,ClinGen,2,3.439,3.626,3.251,3.626,0.265,0.19,true,,25000,3.145,,,,,,,,,,,,,,
12-multiamostra.vcf,anotacao,CPIC,2,8.596,13.792,3.4,13.792,7.348,0,true,,25000,3.145,,,,,,,,,,,,,,
12-multiamostra.vcf,anotacao,critérios ACMG,2,3.908,4.02,3.797,4.02,0.157,0.3,true,,25000,3.145,,,,,,,,,,,,,,
12-multiamostra.vcf,anotacao,filtro por painel,2,2.469,2.696,2.242,2.696,0.321,0.01,true,,25000,3.145,,,,,,,,,,,ACMG SF v3.2 (achados secundários acionáveis),75,,
12-multiamostra.vcf,heranca,heterozigoto composto,2,1.444,1.566,1.323,1.566,0.172,0.04,true,,25000,3.145,,,,,,,,,,,,,,
12-multiamostra.vcf,heranca,análise de trio,2,10.632,14.055,7.208,14.055,4.842,0,true,,25000,3.145,,,,,,,,,,,,,,
12-multiamostra.vcf,saida,TSV,2,98.962,113.005,84.919,113.005,19.86,3.85,true,,25000,3.145,,,,,,,19.73,,,,,,2047522,
12-multiamostra.vcf,saida,CSV,2,72.334,90.403,54.266,90.403,25.553,3.94,true,,25000,3.145,,,,,,,27.32,,,,,,2072526,
12-multiamostra.vcf,saida,JSON,2,131.438,159.984,102.892,159.984,40.37,25,true,,25000,3.145,,,,,,,95.18,,,,,,13117974,
12-multiamostra.vcf,saida,VCF anotado,2,74.95,92.038,57.862,92.038,24.166,7.43,true,,25000,3.145,,,,,,,49.65,,,,,,3901665,
12-multiamostra.vcf,saida,XLSX,2,560.516,666.544,454.487,666.544,149.947,0.02,true,,25000,3.145,,,,,,,,,,,,,18802286,
nist-usuario.vcf.gz,integridade,sha256,2,4.218,5.131,3.305,5.131,1.292,0,true,,,1.39,,,,,,,,,,,,,,
nist-usuario.vcf.gz,leitura,lerVCF,2,221.984,242.318,201.649,242.318,28.758,39.12,true,,,1.39,30009,false,GRCh37,false,1,135185,6.26,,,,,,,
nist-usuario.vcf.gz,qualidade,resumo,2,17.395,18.461,16.328,18.461,1.508,-4.38,true,,30009,1.39,,,,,,,,,,,,,,
nist-usuario.vcf.gz,qualidade,balanço alélico,2,14.89,14.936,14.845,14.936,0.064,0,true,,30009,1.39,,,,,,,,,,,,,,
nist-usuario.vcf.gz,qualidade,Ti/Tv separado,2,4.139,4.269,4.008,4.269,0.184,-0.02,true,,30009,1.39,,,,,,,,,,,,,,
nist-usuario.vcf.gz,qualidade,verificação de sexo,2,0.256,0.309,0.204,0.309,0.075,-0.01,true,,30009,1.39,,,,,,,,,,,,,,
nist-usuario.vcf.gz,qualidade,espectro de substituição,2,8.131,9.804,6.458,9.804,2.366,0,true,,30009,1.39,,,,,,,,,,,,,,
nist-usuario.vcf.gz,qualidade,histograma de profundidade,2,21.822,23.153,20.491,23.153,1.882,0,true,,30009,1.39,,,,,,,,,,,,,,
nist-usuario.vcf.gz,qualidade,histograma de qualidade,2,32.257,36.121,28.393,36.121,5.464,0,true,,30009,1.39,,,,,,,,,,,,,,
nist-usuario.vcf.gz,qualidade,por cromossomo,2,0.763,0.909,0.616,0.909,0.207,0,true,,30009,1.39,,,,,,,,,,,,,,
nist-usuario.vcf.gz,genes,gene por posição,2,3.989,4.303,3.674,4.303,0.445,0.23,true,,30009,1.39,,,,,,,,,,,,,,
nist-usuario.vcf.gz,anotacao,ClinVar,1,1308.781,1308.781,1308.781,1308.781,0,207.12,true,,30009,1.39,,,,,,,,131,86,0.004365,,,,
nist-usuario.vcf.gz,anotacao,resumo clínico,2,1.738,1.934,1.541,1.934,0.278,0.02,true,,30009,1.39,,,,,,,,,,,,,,
nist-usuario.vcf.gz,anotacao,ClinGen,2,3.631,3.754,3.509,3.754,0.173,-0.01,true,,30009,1.39,,,,,,,,,,,,,,
nist-usuario.vcf.gz,anotacao,CPIC,2,9.481,14.589,4.372,14.589,7.225,0,true,,30009,1.39,,,,,,,,,,,,,,
nist-usuario.vcf.gz,anotacao,critérios ACMG,2,6.806,6.814,6.799,6.814,0.01,0.02,true,,30009,1.39,,,,,,,,,,,,,,
nist-usuario.vcf.gz,anotacao,filtro por painel,2,3.689,5.591,1.787,5.591,2.69,0.01,true,,30009,1.39,,,,,,,,,,,ACMG SF v3.2 (achados secundários acionáveis),75,,
nist-usuario.vcf.gz,heranca,heterozigoto composto,2,1.233,1.336,1.13,1.336,0.146,0,true,,30009,1.39,,,,,,,,,,,,,,
nist-usuario.vcf.gz,saida,TSV,2,129.902,167.742,92.062,167.742,53.514,4.45,true,,30009,1.39,,,,,,,17.18,,,,,,2340199,
nist-usuario.vcf.gz,saida,CSV,2,127.499,160.479,94.519,160.479,46.641,4.51,true,,30009,1.39,,,,,,,17.75,,,,,,2372586,
nist-usuario.vcf.gz,saida,JSON,2,144.706,168.975,120.436,168.975,34.322,29.83,true,,30009,1.39,,,,,,,103.03,,,,,,15634032,
nist-usuario.vcf.gz,saida,VCF anotado,2,107.563,135.022,80.103,135.022,38.833,4.84,true,,30009,1.39,,,,,,,22.51,,,,,,2538437,
nist-usuario.vcf.gz,saida,XLSX,2,788.72,988.823,588.618,988.823,282.988,0.03,true,,30009,1.39,,,,,,,,,,,,,21747405,
htslib-teste.vcf,integridade,sha256,2,0.565,0.781,0.348,0.781,0.306,0,true,,,0.004,,,,,,,,,,,,,,
htslib-teste.vcf,leitura,lerVCF,2,2.663,3.473,1.853,3.473,1.146,0.23,true,,,0.004,323,false,GRCh37,false,2,121292,1.5,,,,,,,
htslib-teste.vcf,qualidade,resumo,2,0.17,0.215,0.125,0.215,0.063,-0.01,true,,323,0.004,,,,,,,,,,,,,,
htslib-teste.vcf,qualidade,balanço alélico,2,0.077,0.129,0.025,0.129,0.074,0,true,,323,0.004,,,,,,,,,,,,,,
htslib-teste.vcf,qualidade,Ti/Tv separado,2,0.041,0.067,0.014,0.067,0.038,0,true,,323,0.004,,,,,,,,,,,,,,
htslib-teste.vcf,qualidade,verificação de sexo,2,0.045,0.066,0.024,0.066,0.03,0,true,,323,0.004,,,,,,,,,,,,,,
htslib-teste.vcf,qualidade,espectro de substituição,2,0.044,0.075,0.012,0.075,0.044,0,true,,323,0.004,,,,,,,,,,,,,,
htslib-teste.vcf,qualidade,histograma de profundidade,2,0.113,0.176,0.051,0.176,0.089,-0.01,true,,323,0.004,,,,,,,,,,,,,,
htslib-teste.vcf,qualidade,histograma de qualidade,2,0.166,0.209,0.124,0.209,0.06,0,true,,323,0.004,,,,,,,,,,,,,,
htslib-teste.vcf,qualidade,por cromossomo,2,0.023,0.039,0.007,0.039,0.022,0,true,,323,0.004,,,,,,,,,,,,,,
htslib-teste.vcf,genes,gene por posição,2,0.058,0.088,0.028,0.088,0.043,0,true,,323,0.004,,,,,,,,,,,,,,
htslib-teste.vcf,anotacao,ClinVar,1,312.305,312.305,312.305,312.305,0,57.2,true,,323,0.004,,,,,,,,0,0,0,,,,
htslib-teste.vcf,anotacao,resumo clínico,2,0.043,0.065,0.021,0.065,0.031,0.01,true,,323,0.004,,,,,,,,,,,,,,
htslib-teste.vcf,anotacao,ClinGen,2,0.049,0.068,0.03,0.068,0.027,0.01,true,,323,0.004,,,,,,,,,,,,,,
htslib-teste.vcf,anotacao,CPIC,2,0.015,0.025,0.005,0.025,0.014,0,true,,323,0.004,,,,,,,,,,,,,,
htslib-teste.vcf,anotacao,critérios ACMG,2,0.079,0.105,0.054,0.105,0.036,0,true,,323,0.004,,,,,,,,,,,,,,
htslib-teste.vcf,anotacao,filtro por painel,2,0.04,0.055,0.026,0.055,0.02,0,true,,323,0.004,,,,,,,,,,,ACMG SF v3.2 (achados secundários acionáveis),75,,
htslib-teste.vcf,heranca,heterozigoto composto,2,0.088,0.142,0.034,0.142,0.076,-0.02,true,,323,0.004,,,,,,,,,,,,,,
htslib-teste.vcf,saida,TSV,2,2.565,2.949,2.18,2.949,0.544,0.02,true,,323,0.004,,,,,,,8.2,,,,,,22063,
htslib-teste.vcf,saida,CSV,2,6.762,10.88,2.644,10.88,5.824,0.02,true,,323,0.004,,,,,,,3.16,,,,,,22390,
htslib-teste.vcf,saida,JSON,2,3.586,4.102,3.07,4.102,0.73,0.16,true,,323,0.004,,,,,,,44.32,,,,,,166665,
htslib-teste.vcf,saida,VCF anotado,2,3.064,4.445,1.683,4.445,1.953,0.02,true,,323,0.004,,,,,,,7.5,,,,,,24096,
htslib-teste.vcf,saida,XLSX,2,9.68,9.919,9.441,9.919,0.338,0.02,true,,323,0.004,,,,,,,,,,,,,191357,
giab-hg002-grch38.vcf.gz,integridade,sha256,2,925.082,1155.418,694.747,1155.418,325.743,-0.01,true,,,149.014,,,,,,,,,,,,,,
giab-hg002-grch38.vcf.gz,leitura,lerVCF,2,11220.34,11627.007,10813.673,11627.007,575.114,652.55,true,,,149.014,400000,true,GRCh38,false,1,35650,13.28,,,,,,,
giab-hg002-grch38.vcf.gz,qualidade,resumo,2,129.844,159.714,99.974,159.714,42.243,-0.03,true,,400000,149.014,,,,,,,,,,,,,,
giab-hg002-grch38.vcf.gz,qualidade,balanço alélico,2,200.082,231.671,168.494,231.671,44.673,0.01,true,,400000,149.014,,,,,,,,,,,,,,
giab-hg002-grch38.vcf.gz,qualidade,Ti/Tv separado,2,14.087,16.499,11.674,16.499,3.412,0,true,,400000,149.014,,,,,,,,,,,,,,
giab-hg002-grch38.vcf.gz,qualidade,verificação de sexo,2,32.5,33.156,31.844,33.156,0.928,0.02,true,,400000,149.014,,,,,,,,,,,,,,
giab-hg002-grch38.vcf.gz,qualidade,espectro de substituição,2,154.932,157.566,152.298,157.566,3.725,0,true,,400000,149.014,,,,,,,,,,,,,,
giab-hg002-grch38.vcf.gz,qualidade,histograma de profundidade,2,667.312,686.544,648.081,686.544,27.197,0,true,,400000,149.014,,,,,,,,,,,,,,
giab-hg002-grch38.vcf.gz,qualidade,histograma de qualidade,2,336.089,474.403,197.775,474.403,195.606,0.01,true,,400000,149.014,,,,,,,,,,,,,,
giab-hg002-grch38.vcf.gz,qualidade,por cromossomo,2,51.955,76.807,27.103,76.807,35.146,0,true,,400000,149.014,,,,,,,,,,,,,,
giab-hg002-grch38.vcf.gz,genes,gene por posição,2,103.955,146.323,61.588,146.323,59.916,3.05,true,,400000,149.014,,,,,,,,,,,,,,
giab-hg002-grch38.vcf.gz,anotacao,ClinVar,1,785.544,785.544,785.544,785.544,0,38.07,true,,400000,149.014,,,,,,,,42,0,0.000105,,,,
giab-hg002-grch38.vcf.gz,anotacao,resumo clínico,2,50.438,59.187,41.689,59.187,12.373,0,true,,400000,149.014,,,,,,,,,,,,,,
giab-hg002-grch38.vcf.gz,anotacao,ClinGen,2,86.638,104.013,69.263,104.013,24.572,-0.02,true,,400000,149.014,,,,,,,,,,,,,,
giab-hg002-grch38.vcf.gz,anotacao,CPIC,2,22.586,25.392,19.779,25.392,3.969,0,true,,400000,149.014,,,,,,,,,,,,,,
giab-hg002-grch38.vcf.gz,anotacao,critérios ACMG,2,160.438,197.951,122.924,197.951,53.052,-0.01,true,,400000,149.014,,,,,,,,,,,,,,
giab-hg002-grch38.vcf.gz,anotacao,filtro por painel,2,75.61,103.46,47.76,103.46,39.386,0.01,true,,400000,149.014,,,,,,,,,,,ACMG SF v3.2 (achados secundários acionáveis),75,,
giab-hg002-grch38.vcf.gz,heranca,heterozigoto composto,2,95.826,119.854,71.799,119.854,33.98,0.03,true,,400000,149.014,,,,,,,,,,,,,,
giab-hg002-grch38.vcf.gz,saida,TSV,2,1932.444,2302.763,1562.126,2302.763,523.709,49.68,true,,400000,149.014,,,,,,,12.92,,,,,,26171000,
giab-hg002-grch38.vcf.gz,saida,CSV,2,1255.09,1558.919,951.261,1558.919,429.679,50.42,true,,400000,149.014,,,,,,,20.19,,,,,,26571004,
giab-hg002-grch38.vcf.gz,saida,JSON,2,3451.111,4077.685,2824.537,4077.685,886.109,387.66,true,,400000,149.014,,,,,,,56.2,,,,,,203371162,
giab-hg002-grch38.vcf.gz,saida,VCF anotado,2,1613.03,2083.572,1142.487,2083.572,665.447,56.87,true,,400000,149.014,,,,,,,17.61,,,,,,29781962,
1000g-chrY.vcf.gz,limite,variantes x amostras,0,0,,,,,,true,acima do teto de genotipos desta rodada,,,,,,,,,,,,,,,,76446000
