arquivo,etapa,funcao,n,mediana_ms,p95_ms,min_ms,max_ms,desvio_ms,heap_delta_mb,anotacao_ativa,teto_heap_mb,erro,variantes,mb,lidas,truncado,build,build_presumido,amostras,variantes_por_segundo,mb_por_segundo,casadas,divergentes,fracao_casada,painel,genes_do_painel,bytes,variantes_com_criterio,celulas_estimadas
—,catalogo,carregar painéis,1,18.888,18.888,18.888,18.888,0.0,0.82,True,12480.0,,,,,,,,,,,,,,,,,,
—,catalogo,carregar símbolos,1,19.147,19.147,19.147,19.147,0.0,3.47,True,12480.0,,,,,,,,,,,,,,,,,,
—,catalogo,carregar ClinGen,1,13.152,13.152,13.152,13.152,0.0,2.26,True,12480.0,,,,,,,,,,,,,,,,,,
—,catalogo,carregar CPIC,1,28.317,28.317,28.317,28.317,0.0,4.95,True,12480.0,,,,,,,,,,,,,,,,,,
—,catalogo,índice de genes,3,4.31,4.598,2.241,4.598,1.286,1.13,True,12480.0,,,,,,,,,,,,,,,,,,
—,catalogo,montagem do índice ClinVar,1,790.674,790.674,790.674,790.674,0.0,206.85,True,12480.0,,,,,,,,,,,,,,,,,,
01-pequeno.vcf,integridade,sha256,3,0.358,2.068,0.31,2.068,1.002,0.01,True,12480.0,,1000.0,0.068,,,,,,,,,,,,,,,
01-pequeno.vcf,leitura,lerVCF,3,5.735,14.359,3.31,14.359,5.808,0.95,True,12480.0,,1000.0,0.068,1000.0,False,GRCh38,False,1.0,174368.0,11.86,,,,,,,,
01-pequeno.vcf,qualidade,resumo,3,0.497,0.55,0.375,0.55,0.089,-0.01,True,12480.0,,1000.0,0.068,,,,,,,,,,,,,,,
01-pequeno.vcf,qualidade,balanço alélico,3,0.462,1.043,0.436,1.043,0.344,0.0,True,12480.0,,1000.0,0.068,,,,,,,,,,,,,,,
01-pequeno.vcf,qualidade,Ti/Tv separado,3,0.15,0.541,0.144,0.541,0.227,0.01,True,12480.0,,1000.0,0.068,,,,,,,,,,,,,,,
01-pequeno.vcf,qualidade,verificação de sexo,3,0.15,0.558,0.132,0.558,0.241,0.0,True,12480.0,,1000.0,0.068,,,,,,,,,,,,,,,
01-pequeno.vcf,qualidade,espectro de substituição,3,0.627,0.934,0.605,0.934,0.184,0.01,True,12480.0,,1000.0,0.068,,,,,,,,,,,,,,,
01-pequeno.vcf,qualidade,histograma de profundidade,3,0.679,1.034,0.649,1.034,0.214,0.01,True,12480.0,,1000.0,0.068,,,,,,,,,,,,,,,
01-pequeno.vcf,qualidade,histograma de qualidade,3,1.009,1.019,0.868,1.019,0.085,0.01,True,12480.0,,1000.0,0.068,,,,,,,,,,,,,,,
01-pequeno.vcf,qualidade,por cromossomo,3,0.102,0.351,0.09,0.351,0.147,0.01,True,12480.0,,1000.0,0.068,,,,,,,,,,,,,,,
01-pequeno.vcf,genes,gene por posição,3,1.628,2.066,1.361,2.066,0.356,0.01,True,12480.0,,1000.0,0.068,,,,,,,,,,,,,,,
01-pequeno.vcf,anotacao,ClinVar,1,871.737,871.737,871.737,871.737,0.0,206.69,True,12480.0,,1000.0,0.068,,,,,,,,80.0,1.0,0.08,,,,,
01-pequeno.vcf,anotacao,resumo clínico,3,0.307,0.694,0.19,0.694,0.264,0.02,True,12480.0,,1000.0,0.068,,,,,,,,,,,,,,,
01-pequeno.vcf,anotacao,ClinGen,3,0.279,0.413,0.225,0.413,0.097,-0.03,True,12480.0,,1000.0,0.068,,,,,,,,,,,,,,,
01-pequeno.vcf,anotacao,CPIC,3,0.124,0.482,0.11,0.482,0.211,0.01,True,12480.0,,1000.0,0.068,,,,,,,,,,,,,,,
01-pequeno.vcf,anotacao,critérios ACMG,3,0.404,0.896,0.397,0.896,0.286,0.03,True,12480.0,,1000.0,0.068,,,,,,,,,,,,,,,
01-pequeno.vcf,anotacao,filtro por painel,3,0.082,0.356,0.074,0.356,0.161,0.01,True,12480.0,,1000.0,0.068,,,,,,,,,,,ACMG SF v3.2 (achados secundários acionáveis),75.0,,,
01-pequeno.vcf,heranca,heterozigoto composto,3,0.144,0.537,0.137,0.537,0.229,0.01,True,12480.0,,1000.0,0.068,,,,,,,,,,,,,,,
01-pequeno.vcf,saida,TSV,3,13.256,13.365,6.847,13.365,3.732,0.16,True,12480.0,,1000.0,0.068,,,,,,,6.51,,,,,,90439.0,,
01-pequeno.vcf,saida,CSV,3,10.713,11.652,9.517,11.652,1.07,0.09,True,12480.0,,1000.0,0.068,,,,,,,8.14,,,,,,91443.0,,
01-pequeno.vcf,saida,JSON,3,15.296,15.85,5.259,15.85,5.961,0.74,True,12480.0,,1000.0,0.068,,,,,,,46.53,,,,,,746223.0,,
01-pequeno.vcf,saida,VCF anotado,3,11.18,12.445,8.291,12.445,2.129,0.17,True,12480.0,,1000.0,0.068,,,,,,,8.5,,,,,,99695.0,,
01-pequeno.vcf,saida,XLSX,2,71.953,106.591,37.316,106.591,48.985,1.41,True,12480.0,,1000.0,0.068,,,,,,,,,,,,,79158.0,,
01-pequeno.vcf,saida,PDF,2,579.497,643.224,515.77,643.224,90.124,26.75,True,12480.0,,1000.0,0.068,,,,,,,,,,,,,61820.0,,
01-pequeno.vcf,saida,pontuação ACMG,3,0.03,0.139,0.027,0.139,0.064,0.01,True,12480.0,,1000.0,0.068,,,,,,,,,,,,,,37.0,
02-medio.vcf,integridade,sha256,3,2.161,5.697,1.689,5.697,2.19,-18.88,True,12480.0,,25000.0,1.666,,,,,,,,,,,,,,,
02-medio.vcf,leitura,lerVCF,3,99.163,141.748,80.938,141.748,31.208,17.91,True,12480.0,,25000.0,1.666,25000.0,False,GRCh38,False,1.0,252110.0,16.8,,,,,,,,
02-medio.vcf,qualidade,resumo,3,12.238,13.88,9.184,13.88,2.383,0.01,True,12480.0,,25000.0,1.666,,,,,,,,,,,,,,,
02-medio.vcf,qualidade,balanço alélico,3,11.24,12.017,10.209,12.017,0.907,0.0,True,12480.0,,25000.0,1.666,,,,,,,,,,,,,,,
02-medio.vcf,qualidade,Ti/Tv separado,3,3.099,3.742,2.253,3.742,0.747,0.0,True,12480.0,,25000.0,1.666,,,,,,,,,,,,,,,
02-medio.vcf,qualidade,verificação de sexo,3,2.574,3.2,2.442,3.2,0.405,0.01,True,12480.0,,25000.0,1.666,,,,,,,,,,,,,,,
02-medio.vcf,qualidade,espectro de substituição,3,14.52,23.318,6.298,23.318,8.512,0.01,True,12480.0,,25000.0,1.666,,,,,,,,,,,,,,,
02-medio.vcf,qualidade,histograma de profundidade,3,14.968,17.535,14.743,17.535,1.551,0.01,True,12480.0,,25000.0,1.666,,,,,,,,,,,,,,,
02-medio.vcf,qualidade,histograma de qualidade,3,35.092,35.341,23.809,35.341,6.588,-0.01,True,12480.0,,25000.0,1.666,,,,,,,,,,,,,,,
02-medio.vcf,qualidade,por cromossomo,3,1.121,5.377,1.004,5.377,2.492,0.0,True,12480.0,,25000.0,1.666,,,,,,,,,,,,,,,
02-medio.vcf,genes,gene por posição,3,12.912,14.329,8.995,14.329,2.763,0.19,True,12480.0,,25000.0,1.666,,,,,,,,,,,,,,,
02-medio.vcf,anotacao,ClinVar,1,45.306,45.306,45.306,45.306,0.0,-0.16,True,12480.0,,25000.0,1.666,,,,,,,,2001.0,2.0,0.08004,,,,,
02-medio.vcf,anotacao,resumo clínico,3,6.83,12.813,5.328,12.813,3.96,0.1,True,12480.0,,25000.0,1.666,,,,,,,,,,,,,,,
02-medio.vcf,anotacao,ClinGen,3,4.013,4.506,2.639,4.506,0.968,-0.08,True,12480.0,,25000.0,1.666,,,,,,,,,,,,,,,
02-medio.vcf,anotacao,CPIC,3,7.449,18.505,5.169,18.505,7.133,0.01,True,12480.0,,25000.0,1.666,,,,,,,,,,,,,,,
02-medio.vcf,anotacao,critérios ACMG,3,14.126,21.955,7.45,21.955,7.26,0.55,True,12480.0,,25000.0,1.666,,,,,,,,,,,,,,,
02-medio.vcf,anotacao,filtro por painel,3,1.931,2.6,1.886,2.6,0.4,0.01,True,12480.0,,25000.0,1.666,,,,,,,,,,,ACMG SF v3.2 (achados secundários acionáveis),75.0,,,
02-medio.vcf,heranca,heterozigoto composto,3,3.837,8.662,2.365,8.662,3.294,0.05,True,12480.0,,25000.0,1.666,,,,,,,,,,,,,,,
02-medio.vcf,saida,TSV,3,106.343,124.182,82.48,124.182,20.924,4.21,True,12480.0,,25000.0,1.666,,,,,,,20.17,,,,,,2248695.0,,
02-medio.vcf,saida,CSV,3,64.382,99.306,56.747,99.306,22.691,4.32,True,12480.0,,25000.0,1.666,,,,,,,33.68,,,,,,2273699.0,,
02-medio.vcf,saida,JSON,3,141.683,168.706,136.178,168.706,17.41,35.53,True,12480.0,,25000.0,1.666,,,,,,,125.45,,,,,,18638220.0,,
02-medio.vcf,saida,VCF anotado,3,53.206,81.561,41.851,81.561,20.452,4.66,True,12480.0,,25000.0,1.666,,,,,,,43.23,,,,,,2411838.0,,
02-medio.vcf,saida,XLSX,2,1021.684,1033.121,1010.248,1033.121,16.173,0.24,True,12480.0,,25000.0,1.666,,,,,,,,,,,,,1868519.0,,
02-medio.vcf,saida,PDF,2,2332.684,2449.853,2215.514,2449.853,165.703,50.15,True,12480.0,,25000.0,1.666,,,,,,,,,,,,,122846.0,,
02-medio.vcf,saida,pontuação ACMG,3,0.274,0.542,0.209,0.542,0.176,0.24,True,12480.0,,25000.0,1.666,,,,,,,,,,,,,,952.0,
03-exoma.vcf,integridade,sha256,3,11.04,19.63,11.0,19.63,4.971,-49.52,True,12480.0,,100000.0,6.665,,,,,,,,,,,,,,,
03-exoma.vcf,leitura,lerVCF,3,287.459,304.126,278.736,304.126,12.901,71.47,True,12480.0,,100000.0,6.665,100000.0,False,GRCh38,False,1.0,347876.0,23.19,,,,,,,,
03-exoma.vcf,qualidade,resumo,3,19.161,22.677,15.187,22.677,3.748,-0.01,True,12480.0,,100000.0,6.665,,,,,,,,,,,,,,,
03-exoma.vcf,qualidade,balanço alélico,3,22.986,24.663,15.195,24.663,5.052,-0.01,True,12480.0,,100000.0,6.665,,,,,,,,,,,,,,,
03-exoma.vcf,qualidade,Ti/Tv separado,3,6.811,7.652,5.69,7.652,0.985,0.0,True,12480.0,,100000.0,6.665,,,,,,,,,,,,,,,
03-exoma.vcf,qualidade,verificação de sexo,3,4.11,7.501,2.976,7.501,2.355,0.0,True,12480.0,,100000.0,6.665,,,,,,,,,,,,,,,
03-exoma.vcf,qualidade,espectro de substituição,3,24.281,32.533,20.25,32.533,6.261,0.0,True,12480.0,,100000.0,6.665,,,,,,,,,,,,,,,
03-exoma.vcf,qualidade,histograma de profundidade,3,54.804,64.974,51.748,64.974,6.925,0.01,True,12480.0,,100000.0,6.665,,,,,,,,,,,,,,,
03-exoma.vcf,qualidade,histograma de qualidade,3,85.434,93.806,84.777,93.806,5.034,0.0,True,12480.0,,100000.0,6.665,,,,,,,,,,,,,,,
03-exoma.vcf,qualidade,por cromossomo,3,8.627,10.23,5.112,10.23,2.618,0.0,True,12480.0,,100000.0,6.665,,,,,,,,,,,,,,,
03-exoma.vcf,genes,gene por posição,3,22.036,24.468,16.991,24.468,3.814,0.76,True,12480.0,,100000.0,6.665,,,,,,,,,,,,,,,
03-exoma.vcf,anotacao,ClinVar,1,141.516,141.516,141.516,141.516,0.0,-0.59,True,12480.0,,100000.0,6.665,,,,,,,,8004.0,11.0,0.08004,,,,,
03-exoma.vcf,anotacao,resumo clínico,3,13.251,13.977,10.13,13.977,2.044,0.25,True,12480.0,,100000.0,6.665,,,,,,,,,,,,,,,
03-exoma.vcf,anotacao,ClinGen,3,7.731,8.573,5.993,8.573,1.316,-0.13,True,12480.0,,100000.0,6.665,,,,,,,,,,,,,,,
03-exoma.vcf,anotacao,CPIC,3,8.256,44.355,7.311,44.355,21.12,0.0,True,12480.0,,100000.0,6.665,,,,,,,,,,,,,,,
03-exoma.vcf,anotacao,critérios ACMG,3,17.79,35.01,14.969,35.01,10.848,2.2,True,12480.0,,100000.0,6.665,,,,,,,,,,,,,,,
03-exoma.vcf,anotacao,filtro por painel,3,12.321,12.743,8.583,12.743,2.29,0.03,True,12480.0,,100000.0,6.665,,,,,,,,,,,ACMG SF v3.2 (achados secundários acionáveis),75.0,,,
03-exoma.vcf,heranca,heterozigoto composto,3,8.325,8.975,7.221,8.975,0.887,0.17,True,12480.0,,100000.0,6.665,,,,,,,,,,,,,,,
03-exoma.vcf,saida,TSV,3,295.749,338.959,292.583,338.959,25.91,16.9,True,12480.0,,100000.0,6.665,,,,,,,29.03,,,,,,9002196.0,,
03-exoma.vcf,saida,CSV,3,228.205,268.734,227.653,268.734,23.56,17.29,True,12480.0,,100000.0,6.665,,,,,,,38.04,,,,,,9102200.0,,
03-exoma.vcf,saida,JSON,3,668.408,672.434,613.488,672.434,32.932,142.14,True,12480.0,,100000.0,6.665,,,,,,,106.38,,,,,,74559525.0,,
03-exoma.vcf,saida,VCF anotado,3,202.23,259.073,174.873,259.073,42.952,18.36,True,12480.0,,100000.0,6.665,,,,,,,45.49,,,,,,9647153.0,,
03-exoma.vcf,saida,XLSX,2,4586.705,4971.11,4202.301,4971.11,543.63,-3.05,True,12480.0,,100000.0,6.665,,,,,,,,,,,,,7484484.0,,
03-exoma.vcf,saida,PDF,2,2203.976,2313.452,2094.5,2313.452,154.823,50.33,True,12480.0,,100000.0,6.665,,,,,,,,,,,,,122217.0,,
03-exoma.vcf,saida,pontuação ACMG,3,0.501,0.953,0.473,0.953,0.27,0.98,True,12480.0,,100000.0,6.665,,,,,,,,,,,,,,3831.0,
04-grande.vcf,integridade,sha256,3,73.614,74.535,57.327,74.535,9.68,-51.21,True,12480.0,,400000.0,26.666,,,,,,,,,,,,,,,
04-grande.vcf,leitura,lerVCF,3,1931.724,1980.47,1790.747,1980.47,98.527,286.43,True,12480.0,,400000.0,26.666,400000.0,False,GRCh38,False,1.0,207069.0,13.8,,,,,,,,
04-grande.vcf,qualidade,resumo,3,72.847,109.265,70.556,109.265,21.718,-0.01,True,12480.0,,400000.0,26.666,,,,,,,,,,,,,,,
04-grande.vcf,qualidade,balanço alélico,3,84.952,136.608,78.599,136.608,31.816,0.0,True,12480.0,,400000.0,26.666,,,,,,,,,,,,,,,
04-grande.vcf,qualidade,Ti/Tv separado,3,19.957,61.932,19.446,61.932,24.383,0.0,True,12480.0,,400000.0,26.666,,,,,,,,,,,,,,,
04-grande.vcf,qualidade,verificação de sexo,3,7.91,7.953,5.868,7.953,1.192,0.0,True,12480.0,,400000.0,26.666,,,,,,,,,,,,,,,
04-grande.vcf,qualidade,espectro de substituição,3,94.661,107.437,92.875,107.437,7.942,0.0,True,12480.0,,400000.0,26.666,,,,,,,,,,,,,,,
04-grande.vcf,qualidade,histograma de profundidade,3,229.439,246.474,226.598,246.474,10.749,0.0,True,12480.0,,400000.0,26.666,,,,,,,,,,,,,,,
04-grande.vcf,qualidade,histograma de qualidade,3,476.311,502.237,460.955,502.237,20.865,0.0,True,12480.0,,400000.0,26.666,,,,,,,,,,,,,,,
04-grande.vcf,qualidade,por cromossomo,3,22.458,22.716,20.97,22.716,0.943,0.0,True,12480.0,,400000.0,26.666,,,,,,,,,,,,,,,
04-grande.vcf,genes,gene por posição,3,77.791,93.97,76.849,93.97,9.624,3.05,True,12480.0,,400000.0,26.666,,,,,,,,,,,,,,,
04-grande.vcf,anotacao,ClinVar,1,574.229,574.229,574.229,574.229,0.0,-2.46,True,12480.0,,400000.0,26.666,,,,,,,,32012.0,56.0,0.08003,,,,,
04-grande.vcf,anotacao,resumo clínico,3,32.662,64.932,28.485,64.932,19.947,0.47,True,12480.0,,400000.0,26.666,,,,,,,,,,,,,,,
04-grande.vcf,anotacao,ClinGen,3,31.68,37.849,19.033,37.849,9.592,0.16,True,12480.0,,400000.0,26.666,,,,,,,,,,,,,,,
04-grande.vcf,anotacao,CPIC,3,43.008,159.424,38.828,159.424,68.451,0.0,True,12480.0,,400000.0,26.666,,,,,,,,,,,,,,,
04-grande.vcf,anotacao,critérios ACMG,3,69.824,79.373,69.163,79.373,5.714,8.88,True,12480.0,,400000.0,26.666,,,,,,,,,,,,,,,
04-grande.vcf,anotacao,filtro por painel,3,29.691,60.52,29.657,60.52,17.809,0.05,True,12480.0,,400000.0,26.666,,,,,,,,,,,ACMG SF v3.2 (achados secundários acionáveis),75.0,,,
04-grande.vcf,heranca,heterozigoto composto,3,34.001,69.077,31.695,69.077,20.949,0.48,True,12480.0,,400000.0,26.666,,,,,,,,,,,,,,,
04-grande.vcf,saida,TSV,3,1326.413,1586.365,1306.497,1586.365,156.151,67.8,True,12480.0,,400000.0,26.666,,,,,,,25.9,,,,,,36022357.0,,
04-grande.vcf,saida,CSV,3,1034.717,1062.736,1008.432,1062.736,27.157,69.17,True,12480.0,,400000.0,26.666,,,,,,,33.57,,,,,,36422361.0,,
04-grande.vcf,saida,JSON,3,3627.259,4728.094,3525.014,4728.094,667.045,568.56,True,12480.0,,400000.0,26.666,,,,,,,78.42,,,,,,298249996.0,,
04-grande.vcf,saida,VCF anotado,3,703.493,847.273,688.119,847.273,87.787,73.55,True,12480.0,,400000.0,26.666,,,,,,,52.34,,,,,,38605940.0,,
04-grande.vcf,saida,XLSX,2,15678.921,15760.085,15597.756,15760.085,114.784,0.25,True,12480.0,,400000.0,26.666,,,,,,,,,,,,,30040345.0,,
04-grande.vcf,saida,PDF,2,2214.06,2345.458,2082.662,2345.458,185.825,50.48,True,12480.0,,400000.0,26.666,,,,,,,,,,,,,119893.0,,
04-grande.vcf,saida,pontuação ACMG,3,5.573,7.966,5.394,7.966,1.436,4.02,True,12480.0,,400000.0,26.666,,,,,,,,,,,,,,15453.0,
05-acima-do-teto.vcf,integridade,sha256,3,78.408,105.965,74.166,105.965,17.265,-54.65,True,12480.0,,600000.0,39.968,,,,,,,,,,,,,,,
05-acima-do-teto.vcf,leitura,lerVCF,3,1812.718,2337.932,1659.784,2337.932,355.697,286.58,True,12480.0,,600000.0,39.968,400000.0,True,GRCh38,False,1.0,220663.0,22.05,,,,,,,,
05-acima-do-teto.vcf,qualidade,resumo,3,72.96,111.899,71.716,111.899,22.849,-0.01,True,12480.0,,400000.0,39.968,,,,,,,,,,,,,,,
05-acima-do-teto.vcf,qualidade,balanço alélico,3,80.706,126.498,70.895,126.498,29.678,0.01,True,12480.0,,400000.0,39.968,,,,,,,,,,,,,,,
05-acima-do-teto.vcf,qualidade,Ti/Tv separado,3,19.821,61.508,19.769,61.508,24.083,0.0,True,12480.0,,400000.0,39.968,,,,,,,,,,,,,,,
05-acima-do-teto.vcf,qualidade,verificação de sexo,3,6.531,8.108,5.955,8.108,1.114,0.0,True,12480.0,,400000.0,39.968,,,,,,,,,,,,,,,
05-acima-do-teto.vcf,qualidade,espectro de substituição,3,94.292,105.11,88.291,105.11,8.524,0.0,True,12480.0,,400000.0,39.968,,,,,,,,,,,,,,,
05-acima-do-teto.vcf,qualidade,histograma de profundidade,3,202.932,228.814,200.573,228.814,15.669,0.0,True,12480.0,,400000.0,39.968,,,,,,,,,,,,,,,
05-acima-do-teto.vcf,qualidade,histograma de qualidade,3,441.701,451.964,439.361,451.964,6.703,0.0,True,12480.0,,400000.0,39.968,,,,,,,,,,,,,,,
05-acima-do-teto.vcf,qualidade,por cromossomo,3,31.389,37.874,20.718,37.874,8.663,0.0,True,12480.0,,400000.0,39.968,,,,,,,,,,,,,,,
05-acima-do-teto.vcf,genes,gene por posição,3,75.285,91.567,75.139,91.567,9.443,3.05,True,12480.0,,400000.0,39.968,,,,,,,,,,,,,,,
05-acima-do-teto.vcf,anotacao,ClinVar,1,434.247,434.247,434.247,434.247,0.0,-2.11,True,12480.0,,400000.0,39.968,,,,,,,,25455.0,35.0,0.063637,,,,,
05-acima-do-teto.vcf,anotacao,resumo clínico,3,28.009,45.175,22.994,45.175,11.632,0.41,True,12480.0,,400000.0,39.968,,,,,,,,,,,,,,,
05-acima-do-teto.vcf,anotacao,ClinGen,3,25.61,26.849,17.352,26.849,5.162,0.07,True,12480.0,,400000.0,39.968,,,,,,,,,,,,,,,
05-acima-do-teto.vcf,anotacao,CPIC,3,42.27,155.199,40.122,155.199,65.829,0.0,True,12480.0,,400000.0,39.968,,,,,,,,,,,,,,,
05-acima-do-teto.vcf,anotacao,critérios ACMG,3,68.25,82.962,65.304,82.962,9.46,7.03,True,12480.0,,400000.0,39.968,,,,,,,,,,,,,,,
05-acima-do-teto.vcf,anotacao,filtro por painel,3,30.989,51.297,28.185,51.297,12.613,0.03,True,12480.0,,400000.0,39.968,,,,,,,,,,,ACMG SF v3.2 (achados secundários acionáveis),75.0,,,
05-acima-do-teto.vcf,heranca,heterozigoto composto,3,33.0,36.605,23.98,36.605,6.503,0.4,True,12480.0,,400000.0,39.968,,,,,,,,,,,,,,,
05-acima-do-teto.vcf,saida,TSV,3,1397.426,1482.614,1309.66,1482.614,86.48,66.34,True,12480.0,,400000.0,39.968,,,,,,,24.01,,,,,,35180729.0,,
05-acima-do-teto.vcf,saida,CSV,3,889.597,1008.009,876.517,1008.009,72.437,67.62,True,12480.0,,400000.0,39.968,,,,,,,38.14,,,,,,35580733.0,,
05-acima-do-teto.vcf,saida,JSON,3,3519.342,3695.423,3020.096,3695.423,350.314,567.09,True,12480.0,,400000.0,39.968,,,,,,,80.6,,,,,,297444014.0,,
05-acima-do-teto.vcf,saida,VCF anotado,3,652.841,697.177,632.072,697.177,33.255,70.63,True,12480.0,,400000.0,39.968,,,,,,,54.2,,,,,,37103631.0,,
05-acima-do-teto.vcf,saida,XLSX,2,14634.853,14930.269,14339.437,14930.269,417.781,0.2,True,12480.0,,400000.0,39.968,,,,,,,,,,,,,29409168.0,,
05-acima-do-teto.vcf,saida,PDF,2,2195.801,2333.04,2058.562,2333.04,194.085,50.49,True,12480.0,,400000.0,39.968,,,,,,,,,,,,,120145.0,,
05-acima-do-teto.vcf,saida,pontuação ACMG,3,3.595,4.076,3.024,4.076,0.526,3.18,True,12480.0,,400000.0,39.968,,,,,,,,,,,,,,12233.0,
06-medio.vcf.gz,integridade,sha256,3,1.258,5.199,0.768,5.199,2.429,-53.4,True,12480.0,,25000.0,0.52,,,,,,,,,,,,,,,
06-medio.vcf.gz,leitura,lerVCF,3,85.533,104.145,74.303,104.145,15.072,18.28,True,12480.0,,25000.0,0.52,25000.0,False,GRCh38,False,1.0,292285.0,6.08,,,,,,,,
06-medio.vcf.gz,qualidade,resumo,3,5.625,6.73,3.774,6.73,1.493,-0.01,True,12480.0,,25000.0,0.52,,,,,,,,,,,,,,,
06-medio.vcf.gz,qualidade,balanço alélico,3,6.619,6.632,4.15,6.632,1.429,0.0,True,12480.0,,25000.0,0.52,,,,,,,,,,,,,,,
06-medio.vcf.gz,qualidade,Ti/Tv separado,3,2.266,3.247,2.136,3.247,0.607,-0.01,True,12480.0,,25000.0,0.52,,,,,,,,,,,,,,,
06-medio.vcf.gz,qualidade,verificação de sexo,3,0.171,0.28,0.151,0.28,0.069,0.0,True,12480.0,,25000.0,0.52,,,,,,,,,,,,,,,
06-medio.vcf.gz,qualidade,espectro de substituição,3,6.658,6.876,5.738,6.876,0.604,-0.01,True,12480.0,,25000.0,0.52,,,,,,,,,,,,,,,
06-medio.vcf.gz,qualidade,histograma de profundidade,3,14.702,14.965,12.981,14.965,1.077,0.0,True,12480.0,,25000.0,0.52,,,,,,,,,,,,,,,
06-medio.vcf.gz,qualidade,histograma de qualidade,3,19.202,27.326,18.101,27.326,5.038,0.0,True,12480.0,,25000.0,0.52,,,,,,,,,,,,,,,
06-medio.vcf.gz,qualidade,por cromossomo,3,1.028,1.775,0.694,1.775,0.553,0.0,True,12480.0,,25000.0,0.52,,,,,,,,,,,,,,,
06-medio.vcf.gz,genes,gene por posição,3,5.211,6.279,4.623,6.279,0.839,0.19,True,12480.0,,25000.0,0.52,,,,,,,,,,,,,,,
06-medio.vcf.gz,anotacao,ClinVar,1,41.713,41.713,41.713,41.713,0.0,-0.12,True,12480.0,,25000.0,0.52,,,,,,,,2001.0,3.0,0.08004,,,,,
06-medio.vcf.gz,anotacao,resumo clínico,3,2.006,3.529,1.891,3.529,0.914,0.1,True,12480.0,,25000.0,0.52,,,,,,,,,,,,,,,
06-medio.vcf.gz,anotacao,ClinGen,3,1.439,2.026,1.113,2.026,0.463,-0.08,True,12480.0,,25000.0,0.52,,,,,,,,,,,,,,,
06-medio.vcf.gz,anotacao,CPIC,3,3.628,11.397,2.473,11.397,4.854,0.01,True,12480.0,,25000.0,0.52,,,,,,,,,,,,,,,
06-medio.vcf.gz,anotacao,critérios ACMG,3,4.181,5.859,3.817,5.859,1.089,0.54,True,12480.0,,25000.0,0.52,,,,,,,,,,,,,,,
06-medio.vcf.gz,anotacao,filtro por painel,3,3.211,4.604,1.92,4.604,1.342,0.01,True,12480.0,,25000.0,0.52,,,,,,,,,,,ACMG SF v3.2 (achados secundários acionáveis),75.0,,,
06-medio.vcf.gz,heranca,heterozigoto composto,3,1.916,2.025,1.575,2.025,0.235,0.05,True,12480.0,,25000.0,0.52,,,,,,,,,,,,,,,
06-medio.vcf.gz,saida,TSV,3,73.226,90.327,70.603,90.327,10.711,4.22,True,12480.0,,25000.0,0.52,,,,,,,29.29,,,,,,2249254.0,,
06-medio.vcf.gz,saida,CSV,3,56.505,86.366,53.299,86.366,18.236,4.32,True,12480.0,,25000.0,0.52,,,,,,,38.38,,,,,,2274258.0,,
06-medio.vcf.gz,saida,JSON,3,125.645,198.487,125.375,198.487,42.133,35.53,True,12480.0,,25000.0,0.52,,,,,,,141.47,,,,,,18638774.0,,
06-medio.vcf.gz,saida,VCF anotado,3,40.644,69.745,39.798,69.745,17.051,4.55,True,12480.0,,25000.0,0.52,,,,,,,56.62,,,,,,2412937.0,,
06-medio.vcf.gz,saida,XLSX,2,812.432,868.948,755.915,868.948,79.927,0.13,True,12480.0,,25000.0,0.52,,,,,,,,,,,,,1869239.0,,
06-medio.vcf.gz,saida,PDF,2,2358.008,2479.322,2236.695,2479.322,171.563,49.8,True,12480.0,,25000.0,0.52,,,,,,,,,,,,,122866.0,,
06-medio.vcf.gz,saida,pontuação ACMG,3,0.109,0.259,0.105,0.259,0.088,0.24,True,12480.0,,25000.0,0.52,,,,,,,,,,,,,,953.0,
07-medio.zip,integridade,sha256,3,2.998,4.755,2.779,4.755,1.083,-49.55,True,12480.0,,25000.0,1.667,,,,,,,,,,,,,,,
07-medio.zip,leitura,extrairDoZip,3,5.908,38.605,5.315,38.605,19.051,0.08,True,12480.0,,25000.0,1.667,,,,,,,,,,,,,,,
07-medio.zip,leitura,lerVCF,3,79.153,86.735,69.669,86.735,8.551,17.91,True,12480.0,,25000.0,1.667,25000.0,False,GRCh38,False,1.0,315844.0,21.06,,,,,,,,
07-medio.zip,qualidade,resumo,3,4.897,7.241,4.428,7.241,1.507,-0.01,True,12480.0,,25000.0,1.667,,,,,,,,,,,,,,,
07-medio.zip,qualidade,balanço alélico,3,3.193,3.42,3.148,3.42,0.146,0.0,True,12480.0,,25000.0,1.667,,,,,,,,,,,,,,,
07-medio.zip,qualidade,Ti/Tv separado,3,2.389,2.861,2.333,2.861,0.29,0.01,True,12480.0,,25000.0,1.667,,,,,,,,,,,,,,,
07-medio.zip,qualidade,verificação de sexo,3,0.142,0.176,0.118,0.176,0.029,0.0,True,12480.0,,25000.0,1.667,,,,,,,,,,,,,,,
07-medio.zip,qualidade,espectro de substituição,3,6.496,7.08,6.293,7.08,0.408,0.0,True,12480.0,,25000.0,1.667,,,,,,,,,,,,,,,
07-medio.zip,qualidade,histograma de profundidade,3,13.994,14.824,13.556,14.824,0.644,0.0,True,12480.0,,25000.0,1.667,,,,,,,,,,,,,,,
07-medio.zip,qualidade,histograma de qualidade,3,18.574,28.733,17.815,28.733,6.096,0.0,True,12480.0,,25000.0,1.667,,,,,,,,,,,,,,,
07-medio.zip,qualidade,por cromossomo,3,0.733,0.958,0.653,0.958,0.158,0.0,True,12480.0,,25000.0,1.667,,,,,,,,,,,,,,,
07-medio.zip,genes,gene por posição,3,5.792,6.636,5.288,6.636,0.681,0.19,True,12480.0,,25000.0,1.667,,,,,,,,,,,,,,,
07-medio.zip,anotacao,ClinVar,1,38.888,38.888,38.888,38.888,0.0,-0.09,True,12480.0,,25000.0,1.667,,,,,,,,2001.0,1.0,0.08004,,,,,
07-medio.zip,anotacao,resumo clínico,3,2.932,4.192,2.07,4.192,1.067,0.12,True,12480.0,,25000.0,1.667,,,,,,,,,,,,,,,
07-medio.zip,anotacao,ClinGen,3,0.572,1.14,0.426,1.14,0.377,-0.08,True,12480.0,,25000.0,1.667,,,,,,,,,,,,,,,
07-medio.zip,anotacao,CPIC,3,3.987,10.575,3.318,10.575,4.011,0.01,True,12480.0,,25000.0,1.667,,,,,,,,,,,,,,,
07-medio.zip,anotacao,critérios ACMG,3,5.377,5.397,5.052,5.397,0.194,0.54,True,12480.0,,25000.0,1.667,,,,,,,,,,,,,,,
07-medio.zip,anotacao,filtro por painel,3,2.683,3.326,2.21,3.326,0.56,0.01,True,12480.0,,25000.0,1.667,,,,,,,,,,,ACMG SF v3.2 (achados secundários acionáveis),75.0,,,
07-medio.zip,heranca,heterozigoto composto,3,1.166,1.421,1.087,1.421,0.174,0.05,True,12480.0,,25000.0,1.667,,,,,,,,,,,,,,,
07-medio.zip,saida,TSV,3,92.646,126.769,72.466,126.769,27.448,4.22,True,12480.0,,25000.0,1.667,,,,,,,23.15,,,,,,2249271.0,,
07-medio.zip,saida,CSV,3,55.423,86.114,54.153,86.114,18.097,4.32,True,12480.0,,25000.0,1.667,,,,,,,39.13,,,,,,2274275.0,,
07-medio.zip,saida,JSON,3,133.86,180.877,129.714,180.877,28.418,35.53,True,12480.0,,25000.0,1.667,,,,,,,132.79,,,,,,18638790.0,,
07-medio.zip,saida,VCF anotado,3,46.648,69.473,42.221,69.473,14.624,4.59,True,12480.0,,25000.0,1.667,,,,,,,49.32,,,,,,2412530.0,,
07-medio.zip,saida,XLSX,2,824.662,876.034,773.29,876.034,72.651,0.14,True,12480.0,,25000.0,1.667,,,,,,,,,,,,,1869278.0,,
07-medio.zip,saida,PDF,2,2355.059,2510.006,2200.112,2510.006,219.128,49.81,True,12480.0,,25000.0,1.667,,,,,,,,,,,,,122728.0,,
07-medio.zip,saida,pontuação ACMG,3,0.101,0.248,0.099,0.248,0.085,0.24,True,12480.0,,25000.0,1.667,,,,,,,,,,,,,,953.0,
08-grch37.vcf,integridade,sha256,3,2.426,4.5,2.162,4.5,1.281,-49.55,True,12480.0,,25000.0,1.668,,,,,,,,,,,,,,,
08-grch37.vcf,leitura,lerVCF,3,80.97,85.783,78.163,85.783,3.854,17.92,True,12480.0,,25000.0,1.668,25000.0,False,GRCh37,False,1.0,308756.0,20.6,,,,,,,,
08-grch37.vcf,qualidade,resumo,3,5.054,7.07,4.241,7.07,1.456,-0.01,True,12480.0,,25000.0,1.668,,,,,,,,,,,,,,,
08-grch37.vcf,qualidade,balanço alélico,3,4.823,7.987,4.729,7.987,1.854,0.0,True,12480.0,,25000.0,1.668,,,,,,,,,,,,,,,
08-grch37.vcf,qualidade,Ti/Tv separado,3,2.63,3.541,2.396,3.541,0.605,0.0,True,12480.0,,25000.0,1.668,,,,,,,,,,,,,,,
08-grch37.vcf,qualidade,verificação de sexo,3,0.19,0.814,0.145,0.814,0.374,0.0,True,12480.0,,25000.0,1.668,,,,,,,,,,,,,,,
08-grch37.vcf,qualidade,espectro de substituição,3,7.458,8.141,7.058,8.141,0.548,0.0,True,12480.0,,25000.0,1.668,,,,,,,,,,,,,,,
08-grch37.vcf,qualidade,histograma de profundidade,3,15.188,16.564,13.455,16.564,1.558,0.0,True,12480.0,,25000.0,1.668,,,,,,,,,,,,,,,
08-grch37.vcf,qualidade,histograma de qualidade,3,22.941,27.437,18.675,27.437,4.381,0.0,True,12480.0,,25000.0,1.668,,,,,,,,,,,,,,,
08-grch37.vcf,qualidade,por cromossomo,3,1.303,1.416,1.069,1.416,0.177,0.0,True,12480.0,,25000.0,1.668,,,,,,,,,,,,,,,
08-grch37.vcf,genes,gene por posição,3,6.341,6.896,5.031,6.896,0.958,0.19,True,12480.0,,25000.0,1.668,,,,,,,,,,,,,,,
08-grch37.vcf,anotacao,ClinVar,1,27.283,27.283,27.283,27.283,0.0,-0.13,True,12480.0,,25000.0,1.668,,,,,,,,1668.0,1.0,0.06672,,,,,
08-grch37.vcf,anotacao,resumo clínico,3,2.558,2.583,1.703,2.583,0.501,0.11,True,12480.0,,25000.0,1.668,,,,,,,,,,,,,,,
08-grch37.vcf,anotacao,ClinGen,3,0.634,1.171,0.422,1.171,0.386,-0.07,True,12480.0,,25000.0,1.668,,,,,,,,,,,,,,,
08-grch37.vcf,anotacao,CPIC,3,4.609,9.185,3.266,9.185,3.103,0.01,True,12480.0,,25000.0,1.668,,,,,,,,,,,,,,,
08-grch37.vcf,anotacao,critérios ACMG,3,3.741,4.372,3.406,4.372,0.491,0.45,True,12480.0,,25000.0,1.668,,,,,,,,,,,,,,,
08-grch37.vcf,anotacao,filtro por painel,3,2.23,3.152,1.794,3.152,0.693,0.01,True,12480.0,,25000.0,1.668,,,,,,,,,,,ACMG SF v3.2 (achados secundários acionáveis),75.0,,,
08-grch37.vcf,heranca,heterozigoto composto,3,2.035,2.45,1.769,2.45,0.343,0.04,True,12480.0,,25000.0,1.668,,,,,,,,,,,,,,,
08-grch37.vcf,saida,TSV,3,78.368,102.869,75.168,102.869,15.154,4.16,True,12480.0,,25000.0,1.668,,,,,,,26.86,,,,,,2206902.0,,
08-grch37.vcf,saida,CSV,3,56.6,88.216,55.355,88.216,18.623,4.24,True,12480.0,,25000.0,1.668,,,,,,,37.61,,,,,,2231906.0,,
08-grch37.vcf,saida,JSON,3,129.766,156.235,128.438,156.235,15.68,35.46,True,12480.0,,25000.0,1.668,,,,,,,136.68,,,,,,18598012.0,,
08-grch37.vcf,saida,VCF anotado,3,39.252,71.839,38.342,71.839,19.082,4.45,True,12480.0,,25000.0,1.668,,,,,,,56.82,,,,,,2338746.0,,
08-grch37.vcf,saida,XLSX,2,843.657,897.963,789.352,897.963,76.8,0.12,True,12480.0,,25000.0,1.668,,,,,,,,,,,,,1839573.0,,
08-grch37.vcf,saida,PDF,2,2392.082,2539.495,2244.668,2539.495,208.474,49.94,True,12480.0,,25000.0,1.668,,,,,,,,,,,,,123442.0,,
08-grch37.vcf,saida,pontuação ACMG,3,0.086,0.207,0.084,0.207,0.071,0.2,True,12480.0,,25000.0,1.668,,,,,,,,,,,,,,799.0,
09-sem-build.vcf,integridade,sha256,3,2.863,4.867,2.214,4.867,1.383,-49.63,True,12480.0,,25000.0,1.667,,,,,,,,,,,,,,,
09-sem-build.vcf,leitura,lerVCF,3,80.378,85.671,70.722,85.671,7.58,17.91,True,12480.0,,25000.0,1.667,25000.0,False,GRCh38,False,1.0,311030.0,20.74,,,,,,,,
09-sem-build.vcf,qualidade,resumo,3,4.523,5.574,4.081,5.574,0.767,-0.01,True,12480.0,,25000.0,1.667,,,,,,,,,,,,,,,
09-sem-build.vcf,qualidade,balanço alélico,3,3.252,3.471,3.188,3.471,0.148,0.01,True,12480.0,,25000.0,1.667,,,,,,,,,,,,,,,
09-sem-build.vcf,qualidade,Ti/Tv separado,3,1.11,1.508,0.803,1.508,0.353,0.0,True,12480.0,,25000.0,1.667,,,,,,,,,,,,,,,
09-sem-build.vcf,qualidade,verificação de sexo,3,0.15,0.199,0.129,0.199,0.036,0.0,True,12480.0,,25000.0,1.667,,,,,,,,,,,,,,,
09-sem-build.vcf,qualidade,espectro de substituição,3,9.764,10.146,8.752,10.146,0.721,0.0,True,12480.0,,25000.0,1.667,,,,,,,,,,,,,,,
09-sem-build.vcf,qualidade,histograma de profundidade,3,14.045,15.968,13.71,15.968,1.218,0.0,True,12480.0,,25000.0,1.667,,,,,,,,,,,,,,,
09-sem-build.vcf,qualidade,histograma de qualidade,3,21.476,24.46,18.905,24.46,2.78,0.0,True,12480.0,,25000.0,1.667,,,,,,,,,,,,,,,
09-sem-build.vcf,qualidade,por cromossomo,3,1.691,1.724,1.634,1.724,0.045,0.0,True,12480.0,,25000.0,1.667,,,,,,,,,,,,,,,
09-sem-build.vcf,genes,gene por posição,3,5.832,5.962,4.755,5.962,0.662,0.19,True,12480.0,,25000.0,1.667,,,,,,,,,,,,,,,
09-sem-build.vcf,anotacao,ClinVar,1,41.259,41.259,41.259,41.259,0.0,-0.12,True,12480.0,,25000.0,1.667,,,,,,,,2002.0,4.0,0.08008,,,,,
09-sem-build.vcf,anotacao,resumo clínico,3,2.517,4.274,1.666,4.274,1.33,0.1,True,12480.0,,25000.0,1.667,,,,,,,,,,,,,,,
09-sem-build.vcf,anotacao,ClinGen,3,0.914,2.425,0.579,2.425,0.983,-0.08,True,12480.0,,25000.0,1.667,,,,,,,,,,,,,,,
09-sem-build.vcf,anotacao,CPIC,3,3.566,9.529,2.587,9.529,3.757,0.01,True,12480.0,,25000.0,1.667,,,,,,,,,,,,,,,
09-sem-build.vcf,anotacao,critérios ACMG,3,5.172,5.943,4.061,5.943,0.946,0.54,True,12480.0,,25000.0,1.667,,,,,,,,,,,,,,,
09-sem-build.vcf,anotacao,filtro por painel,3,2.378,3.081,1.908,3.081,0.591,0.01,True,12480.0,,25000.0,1.667,,,,,,,,,,,ACMG SF v3.2 (achados secundários acionáveis),75.0,,,
09-sem-build.vcf,heranca,heterozigoto composto,3,1.529,2.075,1.185,2.075,0.449,0.04,True,12480.0,,25000.0,1.667,,,,,,,,,,,,,,,
09-sem-build.vcf,saida,TSV,3,75.362,104.129,72.942,104.129,17.349,4.23,True,12480.0,,25000.0,1.667,,,,,,,28.46,,,,,,2249369.0,,
09-sem-build.vcf,saida,CSV,3,57.59,88.786,54.696,88.786,18.902,4.32,True,12480.0,,25000.0,1.667,,,,,,,37.66,,,,,,2274373.0,,
09-sem-build.vcf,saida,JSON,3,130.566,150.14,129.981,150.14,11.474,35.53,True,12480.0,,25000.0,1.667,,,,,,,136.14,,,,,,18638893.0,,
09-sem-build.vcf,saida,VCF anotado,3,41.958,73.851,41.905,73.851,18.429,4.59,True,12480.0,,25000.0,1.667,,,,,,,54.85,,,,,,2413055.0,,
09-sem-build.vcf,saida,XLSX,2,847.108,896.513,797.703,896.513,69.869,0.13,True,12480.0,,25000.0,1.667,,,,,,,,,,,,,1868327.0,,
09-sem-build.vcf,saida,PDF,2,2350.334,2466.563,2234.105,2466.563,164.373,50.03,True,12480.0,,25000.0,1.667,,,,,,,,,,,,,122830.0,,
09-sem-build.vcf,saida,pontuação ACMG,3,0.158,0.475,0.107,0.475,0.2,0.24,True,12480.0,,25000.0,1.667,,,,,,,,,,,,,,952.0,
10-trio.vcf,integridade,sha256,3,0.561,2.331,0.531,2.331,1.031,-49.54,True,12480.0,,4045.0,0.39,,,,,,,,,,,,,,,
10-trio.vcf,leitura,lerVCF,3,24.799,31.18,24.653,31.18,3.727,5.91,True,12480.0,,4045.0,0.39,4045.0,False,GRCh38,False,3.0,163111.0,15.73,,,,,,,,
10-trio.vcf,qualidade,resumo,3,0.625,1.511,0.56,1.511,0.531,-0.01,True,12480.0,,4045.0,0.39,,,,,,,,,,,,,,,
10-trio.vcf,qualidade,balanço alélico,3,0.489,0.6,0.465,0.6,0.072,0.0,True,12480.0,,4045.0,0.39,,,,,,,,,,,,,,,
10-trio.vcf,qualidade,Ti/Tv separado,3,0.076,0.199,0.068,0.199,0.073,0.0,True,12480.0,,4045.0,0.39,,,,,,,,,,,,,,,
10-trio.vcf,qualidade,verificação de sexo,3,0.021,0.051,0.016,0.051,0.019,-0.01,True,12480.0,,4045.0,0.39,,,,,,,,,,,,,,,
10-trio.vcf,qualidade,espectro de substituição,3,1.483,1.505,1.158,1.505,0.194,0.0,True,12480.0,,4045.0,0.39,,,,,,,,,,,,,,,
10-trio.vcf,qualidade,histograma de profundidade,3,2.546,2.583,2.515,2.583,0.034,-0.01,True,12480.0,,4045.0,0.39,,,,,,,,,,,,,,,
10-trio.vcf,qualidade,histograma de qualidade,3,3.004,3.683,2.892,3.683,0.428,-0.01,True,12480.0,,4045.0,0.39,,,,,,,,,,,,,,,
10-trio.vcf,qualidade,por cromossomo,3,0.099,0.12,0.097,0.12,0.012,0.0,True,12480.0,,4045.0,0.39,,,,,,,,,,,,,,,
10-trio.vcf,genes,gene por posição,3,0.91,0.976,0.783,0.976,0.098,0.03,True,12480.0,,4045.0,0.39,,,,,,,,,,,,,,,
10-trio.vcf,anotacao,ClinVar,1,7.155,7.155,7.155,7.155,0.0,-0.02,True,12480.0,,4045.0,0.39,,,,,,,,321.0,1.0,0.079357,,,,,
10-trio.vcf,anotacao,resumo clínico,3,0.257,0.405,0.242,0.405,0.09,0.03,True,12480.0,,4045.0,0.39,,,,,,,,,,,,,,,
10-trio.vcf,anotacao,ClinGen,3,0.066,0.188,0.057,0.188,0.073,-0.02,True,12480.0,,4045.0,0.39,,,,,,,,,,,,,,,
10-trio.vcf,anotacao,CPIC,3,0.369,1.341,0.338,1.341,0.57,0.01,True,12480.0,,4045.0,0.39,,,,,,,,,,,,,,,
10-trio.vcf,anotacao,critérios ACMG,3,0.565,0.616,0.554,0.616,0.033,0.09,True,12480.0,,4045.0,0.39,,,,,,,,,,,,,,,
10-trio.vcf,anotacao,filtro por painel,3,0.287,0.376,0.279,0.376,0.054,0.0,True,12480.0,,4045.0,0.39,,,,,,,,,,,ACMG SF v3.2 (achados secundários acionáveis),75.0,,,
10-trio.vcf,heranca,heterozigoto composto,3,0.182,0.258,0.148,0.258,0.056,0.01,True,12480.0,,4045.0,0.39,,,,,,,,,,,,,,,
10-trio.vcf,heranca,análise de trio,3,2.01,3.438,1.379,3.438,1.055,0.02,True,12480.0,,4045.0,0.39,,,,,,,,,,,,,,,
10-trio.vcf,saida,TSV,3,11.804,35.007,10.88,35.007,13.67,0.65,True,12480.0,,4045.0,0.39,,,,,,,29.39,,,,,,363759.0,,
10-trio.vcf,saida,CSV,3,8.806,37.048,8.256,37.048,16.466,0.7,True,12480.0,,4045.0,0.39,,,,,,,39.83,,,,,,367808.0,,
10-trio.vcf,saida,JSON,3,20.761,43.801,20.649,43.801,13.335,5.75,True,12480.0,,4045.0,0.39,,,,,,,138.53,,,,,,3015791.0,,
10-trio.vcf,saida,VCF anotado,3,10.747,33.658,9.698,33.658,13.541,0.99,True,12480.0,,4045.0,0.39,,,,,,,45.96,,,,,,517970.0,,
10-trio.vcf,saida,XLSX,2,172.572,213.256,131.888,213.256,57.536,0.11,True,12480.0,,4045.0,0.39,,,,,,,,,,,,,303969.0,,
10-trio.vcf,saida,PDF,2,1847.294,1965.556,1729.032,1965.556,167.248,43.21,True,12480.0,,4045.0,0.39,,,,,,,,,,,,,108900.0,,
10-trio.vcf,saida,pontuação ACMG,3,0.019,0.052,0.017,0.052,0.019,0.03,True,12480.0,,4045.0,0.39,,,,,,,,,,,,,,157.0,
11-ruim.vcf,integridade,sha256,3,1.836,6.215,1.608,6.215,2.597,-42.63,True,12480.0,,25000.0,1.673,,,,,,,,,,,,,,,
11-ruim.vcf,leitura,lerVCF,3,78.556,86.18,74.378,86.18,5.985,17.91,True,12480.0,,25000.0,1.673,25000.0,False,GRCh38,False,1.0,318244.0,21.3,,,,,,,,
11-ruim.vcf,qualidade,resumo,3,11.232,11.259,10.221,11.259,0.592,-0.01,True,12480.0,,25000.0,1.673,,,,,,,,,,,,,,,
11-ruim.vcf,qualidade,balanço alélico,3,8.574,10.171,8.49,10.171,0.948,0.0,True,12480.0,,25000.0,1.673,,,,,,,,,,,,,,,
11-ruim.vcf,qualidade,Ti/Tv separado,3,0.405,0.483,0.363,0.483,0.061,-0.02,True,12480.0,,25000.0,1.673,,,,,,,,,,,,,,,
11-ruim.vcf,qualidade,verificação de sexo,3,0.716,0.864,0.597,0.864,0.134,0.0,True,12480.0,,25000.0,1.673,,,,,,,,,,,,,,,
11-ruim.vcf,qualidade,espectro de substituição,3,6.861,8.436,5.58,8.436,1.431,0.0,True,12480.0,,25000.0,1.673,,,,,,,,,,,,,,,
11-ruim.vcf,qualidade,histograma de profundidade,3,16.604,18.071,12.792,18.071,2.725,0.0,True,12480.0,,25000.0,1.673,,,,,,,,,,,,,,,
11-ruim.vcf,qualidade,histograma de qualidade,3,22.394,22.739,16.46,22.739,3.53,0.0,True,12480.0,,25000.0,1.673,,,,,,,,,,,,,,,
11-ruim.vcf,qualidade,por cromossomo,3,0.76,0.995,0.665,0.995,0.17,0.0,True,12480.0,,25000.0,1.673,,,,,,,,,,,,,,,
11-ruim.vcf,genes,gene por posição,3,5.871,6.189,5.669,6.189,0.262,0.19,True,12480.0,,25000.0,1.673,,,,,,,,,,,,,,,
11-ruim.vcf,anotacao,ClinVar,1,42.712,42.712,42.712,42.712,0.0,-0.12,True,12480.0,,25000.0,1.673,,,,,,,,2001.0,5.0,0.08004,,,,,
11-ruim.vcf,anotacao,resumo clínico,3,2.59,4.959,2.152,4.959,1.51,0.12,True,12480.0,,25000.0,1.673,,,,,,,,,,,,,,,
11-ruim.vcf,anotacao,ClinGen,3,1.446,2.473,0.68,2.473,0.9,-0.08,True,12480.0,,25000.0,1.673,,,,,,,,,,,,,,,
11-ruim.vcf,anotacao,CPIC,3,3.388,11.792,3.094,11.792,4.939,0.01,True,12480.0,,25000.0,1.673,,,,,,,,,,,,,,,
11-ruim.vcf,anotacao,critérios ACMG,3,4.94,6.074,4.166,6.074,0.96,0.54,True,12480.0,,25000.0,1.673,,,,,,,,,,,,,,,
11-ruim.vcf,anotacao,filtro por painel,3,3.107,3.58,2.689,3.58,0.446,0.01,True,12480.0,,25000.0,1.673,,,,,,,,,,,ACMG SF v3.2 (achados secundários acionáveis),75.0,,,
11-ruim.vcf,heranca,heterozigoto composto,3,1.781,1.881,1.181,1.881,0.379,0.04,True,12480.0,,25000.0,1.673,,,,,,,,,,,,,,,
11-ruim.vcf,saida,TSV,3,77.303,108.703,75.861,108.703,18.559,4.25,True,12480.0,,25000.0,1.673,,,,,,,27.88,,,,,,2259825.0,,
11-ruim.vcf,saida,CSV,3,59.96,89.849,58.911,89.849,17.567,4.34,True,12480.0,,25000.0,1.673,,,,,,,36.34,,,,,,2284829.0,,
11-ruim.vcf,saida,JSON,3,138.557,158.347,136.579,158.347,12.037,35.55,True,12480.0,,25000.0,1.673,,,,,,,128.36,,,,,,18649350.0,,
11-ruim.vcf,saida,VCF anotado,3,44.76,75.131,38.679,75.131,19.529,4.62,True,12480.0,,25000.0,1.673,,,,,,,51.66,,,,,,2424506.0,,
11-ruim.vcf,saida,XLSX,2,855.489,897.582,813.397,897.582,59.528,0.11,True,12480.0,,25000.0,1.673,,,,,,,,,,,,,1858813.0,,
11-ruim.vcf,saida,PDF,2,2359.45,2439.181,2279.72,2439.181,112.756,49.84,True,12480.0,,25000.0,1.673,,,,,,,,,,,,,122866.0,,
11-ruim.vcf,saida,pontuação ACMG,3,0.11,0.235,0.107,0.235,0.073,0.24,True,12480.0,,25000.0,1.673,,,,,,,,,,,,,,952.0,
12-multiamostra.vcf,integridade,sha256,3,6.14,9.736,5.215,9.736,2.388,-49.56,True,12480.0,,25000.0,3.145,,,,,,,,,,,,,,,
12-multiamostra.vcf,leitura,lerVCF,3,196.796,219.703,194.634,219.703,13.891,49.95,True,12480.0,,25000.0,3.145,25000.0,False,GRCh38,False,5.0,127035.0,15.98,,,,,,,,
12-multiamostra.vcf,qualidade,resumo,3,5.1,5.447,5.089,5.447,0.203,-0.01,True,12480.0,,25000.0,3.145,,,,,,,,,,,,,,,
12-multiamostra.vcf,qualidade,balanço alélico,3,6.429,8.261,4.153,8.261,2.058,0.0,True,12480.0,,25000.0,3.145,,,,,,,,,,,,,,,
12-multiamostra.vcf,qualidade,Ti/Tv separado,3,1.593,1.888,1.215,1.888,0.338,-0.01,True,12480.0,,25000.0,3.145,,,,,,,,,,,,,,,
12-multiamostra.vcf,qualidade,verificação de sexo,3,0.196,0.292,0.162,0.292,0.067,0.0,True,12480.0,,25000.0,3.145,,,,,,,,,,,,,,,
12-multiamostra.vcf,qualidade,espectro de substituição,3,8.64,8.686,5.888,8.686,1.602,0.0,True,12480.0,,25000.0,3.145,,,,,,,,,,,,,,,
12-multiamostra.vcf,qualidade,histograma de profundidade,3,15.257,16.819,14.345,16.819,1.251,0.0,True,12480.0,,25000.0,3.145,,,,,,,,,,,,,,,
12-multiamostra.vcf,qualidade,histograma de qualidade,3,21.801,24.754,19.088,24.754,2.834,0.0,True,12480.0,,25000.0,3.145,,,,,,,,,,,,,,,
12-multiamostra.vcf,qualidade,por cromossomo,3,1.026,1.204,0.845,1.204,0.179,0.0,True,12480.0,,25000.0,3.145,,,,,,,,,,,,,,,
12-multiamostra.vcf,genes,gene por posição,3,7.334,7.951,6.724,7.951,0.614,0.19,True,12480.0,,25000.0,3.145,,,,,,,,,,,,,,,
12-multiamostra.vcf,anotacao,ClinVar,1,42.873,42.873,42.873,42.873,0.0,-0.12,True,12480.0,,25000.0,3.145,,,,,,,,2001.0,4.0,0.08004,,,,,
12-multiamostra.vcf,anotacao,resumo clínico,3,1.948,2.365,1.869,2.365,0.267,0.1,True,12480.0,,25000.0,3.145,,,,,,,,,,,,,,,
12-multiamostra.vcf,anotacao,ClinGen,3,2.323,2.346,1.298,2.346,0.599,-0.08,True,12480.0,,25000.0,3.145,,,,,,,,,,,,,,,
12-multiamostra.vcf,anotacao,CPIC,3,4.463,14.394,2.84,14.394,6.255,0.04,True,12480.0,,25000.0,3.145,,,,,,,,,,,,,,,
12-multiamostra.vcf,anotacao,critérios ACMG,3,4.936,6.306,4.371,6.306,0.995,0.54,True,12480.0,,25000.0,3.145,,,,,,,,,,,,,,,
12-multiamostra.vcf,anotacao,filtro por painel,3,3.736,3.829,3.376,3.829,0.239,0.01,True,12480.0,,25000.0,3.145,,,,,,,,,,,ACMG SF v3.2 (achados secundários acionáveis),75.0,,,
12-multiamostra.vcf,heranca,heterozigoto composto,3,4.14,4.572,1.559,4.572,1.629,0.04,True,12480.0,,25000.0,3.145,,,,,,,,,,,,,,,
12-multiamostra.vcf,heranca,análise de trio,3,9.653,10.759,8.564,10.759,1.098,0.0,True,12480.0,,25000.0,3.145,,,,,,,,,,,,,,,
12-multiamostra.vcf,saida,TSV,3,76.639,108.787,75.126,108.787,19.012,4.23,True,12480.0,,25000.0,3.145,,,,,,,27.98,,,,,,2248607.0,,
12-multiamostra.vcf,saida,CSV,3,62.212,92.119,60.438,92.119,17.801,4.32,True,12480.0,,25000.0,3.145,,,,,,,34.85,,,,,,2273611.0,,
12-multiamostra.vcf,saida,JSON,3,135.866,184.0,135.108,184.0,28.012,35.53,True,12480.0,,25000.0,3.145,,,,,,,130.83,,,,,,18638197.0,,
12-multiamostra.vcf,saida,VCF anotado,3,63.312,89.308,59.65,89.308,16.17,7.55,True,12480.0,,25000.0,3.145,,,,,,,59.69,,,,,,3962337.0,,
12-multiamostra.vcf,saida,XLSX,2,859.918,905.743,814.092,905.743,64.807,0.1,True,12480.0,,25000.0,3.145,,,,,,,,,,,,,1867753.0,,
12-multiamostra.vcf,saida,PDF,2,2419.439,2551.509,2287.369,2551.509,186.775,49.85,True,12480.0,,25000.0,3.145,,,,,,,,,,,,,122714.0,,
12-multiamostra.vcf,saida,pontuação ACMG,3,0.121,0.257,0.106,0.257,0.083,0.24,True,12480.0,,25000.0,3.145,,,,,,,,,,,,,,952.0,
nist-usuario.vcf.gz,integridade,sha256,3,2.966,6.233,2.748,6.233,1.952,-49.56,True,12480.0,,,1.39,,,,,,,,,,,,,,,
nist-usuario.vcf.gz,leitura,lerVCF,3,185.627,221.052,174.213,221.052,24.423,39.12,True,12480.0,,,1.39,30009.0,False,GRCh37,False,1.0,161663.0,7.49,,,,,,,,
nist-usuario.vcf.gz,qualidade,resumo,3,7.36,8.273,5.333,8.273,1.505,-4.35,True,12480.0,,30009.0,1.39,,,,,,,,,,,,,,,
nist-usuario.vcf.gz,qualidade,balanço alélico,3,9.963,10.61,8.11,10.61,1.298,-0.01,True,12480.0,,30009.0,1.39,,,,,,,,,,,,,,,
nist-usuario.vcf.gz,qualidade,Ti/Tv separado,3,0.472,0.58,0.44,0.58,0.074,0.0,True,12480.0,,30009.0,1.39,,,,,,,,,,,,,,,
nist-usuario.vcf.gz,qualidade,verificação de sexo,3,0.431,0.531,0.412,0.531,0.064,0.0,True,12480.0,,30009.0,1.39,,,,,,,,,,,,,,,
nist-usuario.vcf.gz,qualidade,espectro de substituição,3,7.772,8.679,6.547,8.679,1.07,0.0,True,12480.0,,30009.0,1.39,,,,,,,,,,,,,,,
nist-usuario.vcf.gz,qualidade,histograma de profundidade,3,19.823,20.995,16.576,20.995,2.289,0.0,True,12480.0,,30009.0,1.39,,,,,,,,,,,,,,,
nist-usuario.vcf.gz,qualidade,histograma de qualidade,3,25.891,28.589,22.298,28.589,3.156,0.0,True,12480.0,,30009.0,1.39,,,,,,,,,,,,,,,
nist-usuario.vcf.gz,qualidade,por cromossomo,3,1.258,1.815,1.18,1.815,0.346,0.0,True,12480.0,,30009.0,1.39,,,,,,,,,,,,,,,
nist-usuario.vcf.gz,genes,gene por posição,3,5.042,5.563,4.138,5.563,0.721,0.23,True,12480.0,,30009.0,1.39,,,,,,,,,,,,,,,
nist-usuario.vcf.gz,anotacao,ClinVar,1,1196.662,1196.662,1196.662,1196.662,0.0,207.16,True,12480.0,,30009.0,1.39,,,,,,,,131.0,86.0,0.004365,,,,,
nist-usuario.vcf.gz,anotacao,resumo clínico,3,1.386,2.262,1.35,2.262,0.517,0.0,True,12480.0,,30009.0,1.39,,,,,,,,,,,,,,,
nist-usuario.vcf.gz,anotacao,ClinGen,3,1.262,1.696,0.878,1.696,0.409,-0.03,True,12480.0,,30009.0,1.39,,,,,,,,,,,,,,,
nist-usuario.vcf.gz,anotacao,CPIC,3,4.506,13.717,3.828,13.717,5.524,0.01,True,12480.0,,30009.0,1.39,,,,,,,,,,,,,,,
nist-usuario.vcf.gz,anotacao,critérios ACMG,3,4.544,4.87,3.545,4.87,0.691,0.05,True,12480.0,,30009.0,1.39,,,,,,,,,,,,,,,
nist-usuario.vcf.gz,anotacao,filtro por painel,3,1.89,2.025,1.837,2.025,0.097,0.01,True,12480.0,,30009.0,1.39,,,,,,,,,,,ACMG SF v3.2 (achados secundários acionáveis),75.0,,,
nist-usuario.vcf.gz,heranca,heterozigoto composto,3,1.016,1.144,0.917,1.144,0.114,0.0,True,12480.0,,30009.0,1.39,,,,,,,,,,,,,,,
nist-usuario.vcf.gz,saida,TSV,3,86.861,135.116,84.897,135.116,28.444,4.86,True,12480.0,,30009.0,1.39,,,,,,,28.03,,,,,,2552777.0,,
nist-usuario.vcf.gz,saida,CSV,3,70.354,115.046,64.341,115.046,27.703,4.93,True,12480.0,,30009.0,1.39,,,,,,,35.04,,,,,,2585164.0,,
nist-usuario.vcf.gz,saida,JSON,3,174.322,203.237,150.488,203.237,26.415,42.41,True,12480.0,,30009.0,1.39,,,,,,,121.66,,,,,,22237795.0,,
nist-usuario.vcf.gz,saida,VCF anotado,3,51.867,93.182,42.171,93.182,27.09,4.86,True,12480.0,,30009.0,1.39,,,,,,,46.78,,,,,,2544195.0,,
nist-usuario.vcf.gz,saida,XLSX,2,947.348,1008.691,886.004,1008.691,86.753,0.13,True,12480.0,,30009.0,1.39,,,,,,,,,,,,,1840299.0,,
nist-usuario.vcf.gz,saida,PDF,2,622.634,672.013,573.255,672.013,69.833,21.56,True,12480.0,,30009.0,1.39,,,,,,,,,,,,,65926.0,,
nist-usuario.vcf.gz,saida,pontuação ACMG,3,0.011,0.031,0.01,0.031,0.012,0.01,True,12480.0,,30009.0,1.39,,,,,,,,,,,,,,97.0,
htslib-teste.vcf,integridade,sha256,3,0.362,1.803,0.19,1.803,0.886,-21.16,True,12480.0,,,0.004,,,,,,,,,,,,,,,
htslib-teste.vcf,leitura,lerVCF,3,2.406,2.488,2.0,2.488,0.261,0.21,True,12480.0,,,0.004,323.0,False,GRCh37,False,2.0,134248.0,1.66,,,,,,,,
htslib-teste.vcf,qualidade,resumo,3,0.054,0.108,0.05,0.108,0.032,-0.01,True,12480.0,,323.0,0.004,,,,,,,,,,,,,,,
htslib-teste.vcf,qualidade,balanço alélico,3,0.024,0.076,0.022,0.076,0.03,0.0,True,12480.0,,323.0,0.004,,,,,,,,,,,,,,,
htslib-teste.vcf,qualidade,Ti/Tv separado,3,0.002,0.016,0.001,0.016,0.009,0.0,True,12480.0,,323.0,0.004,,,,,,,,,,,,,,,
htslib-teste.vcf,qualidade,verificação de sexo,3,0.024,0.056,0.017,0.056,0.02,0.0,True,12480.0,,323.0,0.004,,,,,,,,,,,,,,,
htslib-teste.vcf,qualidade,espectro de substituição,3,0.008,0.04,0.007,0.04,0.019,0.0,True,12480.0,,323.0,0.004,,,,,,,,,,,,,,,
htslib-teste.vcf,qualidade,histograma de profundidade,3,0.039,0.146,0.028,0.146,0.065,-0.01,True,12480.0,,323.0,0.004,,,,,,,,,,,,,,,
htslib-teste.vcf,qualidade,histograma de qualidade,3,0.12,0.197,0.117,0.197,0.046,0.0,True,12480.0,,323.0,0.004,,,,,,,,,,,,,,,
htslib-teste.vcf,qualidade,por cromossomo,3,0.009,0.028,0.008,0.028,0.011,0.0,True,12480.0,,323.0,0.004,,,,,,,,,,,,,,,
htslib-teste.vcf,genes,gene por posição,3,0.029,0.066,0.028,0.066,0.021,0.0,True,12480.0,,323.0,0.004,,,,,,,,,,,,,,,
htslib-teste.vcf,anotacao,ClinVar,1,224.885,224.885,224.885,224.885,0.0,57.11,True,12480.0,,323.0,0.004,,,,,,,,0.0,0.0,0.0,,,,,
htslib-teste.vcf,anotacao,resumo clínico,3,0.017,0.065,0.013,0.065,0.029,-0.02,True,12480.0,,323.0,0.004,,,,,,,,,,,,,,,
htslib-teste.vcf,anotacao,ClinGen,3,0.003,0.015,0.003,0.015,0.007,0.0,True,12480.0,,323.0,0.004,,,,,,,,,,,,,,,
htslib-teste.vcf,anotacao,CPIC,3,0.011,0.068,0.01,0.068,0.033,0.0,True,12480.0,,323.0,0.004,,,,,,,,,,,,,,,
htslib-teste.vcf,anotacao,critérios ACMG,3,0.041,0.053,0.041,0.053,0.007,0.0,True,12480.0,,323.0,0.004,,,,,,,,,,,,,,,
htslib-teste.vcf,anotacao,filtro por painel,3,0.032,0.087,0.031,0.087,0.032,0.0,True,12480.0,,323.0,0.004,,,,,,,,,,,ACMG SF v3.2 (achados secundários acionáveis),75.0,,,
htslib-teste.vcf,heranca,heterozigoto composto,3,0.038,0.154,0.031,0.154,0.069,-0.02,True,12480.0,,323.0,0.004,,,,,,,,,,,,,,,
htslib-teste.vcf,saida,TSV,3,2.763,2.778,2.436,2.778,0.193,0.02,True,12480.0,,323.0,0.004,,,,,,,8.45,,,,,,24474.0,,
htslib-teste.vcf,saida,CSV,3,2.192,2.369,1.612,2.369,0.396,0.03,True,12480.0,,323.0,0.004,,,,,,,10.79,,,,,,24801.0,,
htslib-teste.vcf,saida,JSON,3,4.695,4.771,4.197,4.771,0.312,0.23,True,12480.0,,323.0,0.004,,,,,,,48.29,,,,,,237725.0,,
htslib-teste.vcf,saida,VCF anotado,3,2.03,2.151,2.008,2.151,0.077,0.02,True,12480.0,,323.0,0.004,,,,,,,11.56,,,,,,24603.0,,
htslib-teste.vcf,saida,XLSX,2,48.374,77.792,18.956,77.792,41.603,0.08,True,12480.0,,323.0,0.004,,,,,,,,,,,,,16157.0,,
htslib-teste.vcf,saida,PDF,2,109.522,123.786,95.258,123.786,20.172,3.92,True,12480.0,,323.0,0.004,,,,,,,,,,,,,21425.0,,
htslib-teste.vcf,saida,pontuação ACMG,3,0.001,0.016,0.001,0.016,0.009,-0.01,True,12480.0,,323.0,0.004,,,,,,,,,,,,,,0.0,
giab-hg002-grch38.vcf.gz,integridade,sha256,3,719.572,722.49,554.657,722.49,96.067,-3.87,True,12480.0,,,149.014,,,,,,,,,,,,,,,
giab-hg002-grch38.vcf.gz,leitura,lerVCF,3,11540.542,12594.518,10250.521,12594.518,1173.978,652.53,True,12480.0,,,149.014,400000.0,True,GRCh38,False,1.0,34660.0,12.91,,,,,,,,
giab-hg002-grch38.vcf.gz,qualidade,resumo,3,71.184,116.347,69.762,116.347,26.495,-0.03,True,12480.0,,400000.0,149.014,,,,,,,,,,,,,,,
giab-hg002-grch38.vcf.gz,qualidade,balanço alélico,3,178.646,236.062,167.442,236.062,36.812,0.01,True,12480.0,,400000.0,149.014,,,,,,,,,,,,,,,
giab-hg002-grch38.vcf.gz,qualidade,Ti/Tv separado,3,7.155,11.416,6.38,11.416,2.711,0.0,True,12480.0,,400000.0,149.014,,,,,,,,,,,,,,,
giab-hg002-grch38.vcf.gz,qualidade,verificação de sexo,3,30.826,31.185,29.742,31.185,0.751,0.02,True,12480.0,,400000.0,149.014,,,,,,,,,,,,,,,
giab-hg002-grch38.vcf.gz,qualidade,espectro de substituição,3,85.177,114.221,80.259,114.221,18.354,0.0,True,12480.0,,400000.0,149.014,,,,,,,,,,,,,,,
giab-hg002-grch38.vcf.gz,qualidade,histograma de profundidade,3,270.959,294.246,256.921,294.246,18.852,0.02,True,12480.0,,400000.0,149.014,,,,,,,,,,,,,,,
giab-hg002-grch38.vcf.gz,qualidade,histograma de qualidade,3,74.952,99.925,54.127,99.925,22.93,0.0,True,12480.0,,400000.0,149.014,,,,,,,,,,,,,,,
giab-hg002-grch38.vcf.gz,qualidade,por cromossomo,3,31.348,35.777,21.485,35.777,7.316,0.0,True,12480.0,,400000.0,149.014,,,,,,,,,,,,,,,
giab-hg002-grch38.vcf.gz,genes,gene por posição,3,44.652,62.348,28.814,62.348,16.775,3.05,True,12480.0,,400000.0,149.014,,,,,,,,,,,,,,,
giab-hg002-grch38.vcf.gz,anotacao,ClinVar,1,373.861,373.861,373.861,373.861,0.0,37.89,True,12480.0,,400000.0,149.014,,,,,,,,42.0,0.0,0.000105,,,,,
giab-hg002-grch38.vcf.gz,anotacao,resumo clínico,3,26.174,26.447,25.463,26.447,0.508,0.02,True,12480.0,,400000.0,149.014,,,,,,,,,,,,,,,
giab-hg002-grch38.vcf.gz,anotacao,ClinGen,3,9.625,12.138,9.218,12.138,1.581,0.0,True,12480.0,,400000.0,149.014,,,,,,,,,,,,,,,
giab-hg002-grch38.vcf.gz,anotacao,CPIC,3,24.894,26.67,22.746,26.67,1.965,0.0,True,12480.0,,400000.0,149.014,,,,,,,,,,,,,,,
giab-hg002-grch38.vcf.gz,anotacao,critérios ACMG,3,79.931,80.726,73.825,80.726,3.776,0.01,True,12480.0,,400000.0,149.014,,,,,,,,,,,,,,,
giab-hg002-grch38.vcf.gz,anotacao,filtro por painel,3,34.352,39.236,31.686,39.236,3.829,0.0,True,12480.0,,400000.0,149.014,,,,,,,,,,,ACMG SF v3.2 (achados secundários acionáveis),75.0,,,
giab-hg002-grch38.vcf.gz,heranca,heterozigoto composto,3,39.441,41.948,25.124,41.948,9.077,0.02,True,12480.0,,400000.0,149.014,,,,,,,,,,,,,,,
giab-hg002-grch38.vcf.gz,saida,TSV,3,1351.079,1731.468,1222.578,1731.468,264.631,55.0,True,12480.0,,400000.0,149.014,,,,,,,20.45,,,,,,28971846.0,,
giab-hg002-grch38.vcf.gz,saida,CSV,3,939.108,940.486,881.791,940.486,33.497,55.78,True,12480.0,,400000.0,149.014,,,,,,,29.83,,,,,,29371850.0,,
giab-hg002-grch38.vcf.gz,saida,JSON,3,4031.855,4453.283,2937.731,4453.283,782.262,555.51,True,12480.0,,400000.0,149.014,,,,,,,68.92,,,,,,291371654.0,,
giab-hg002-grch38.vcf.gz,saida,VCF anotado,3,667.684,684.419,545.228,684.419,75.993,56.81,True,12480.0,,400000.0,149.014,,,,,,,42.54,,,,,,29784071.0,,
giab-hg002-grch38.vcf.gz,saida,XLSX,2,14181.082,14479.745,13882.419,14479.745,422.373,0.09,True,12480.0,,400000.0,149.014,,,,,,,,,,,,,20171570.0,,
giab-hg002-grch38.vcf.gz,saida,PDF,2,342.15,401.064,283.236,401.064,83.317,12.0,True,12480.0,,400000.0,149.014,,,,,,,,,,,,,43260.0,,
giab-hg002-grch38.vcf.gz,saida,pontuação ACMG,3,0.004,0.022,0.003,0.022,0.011,0.0,True,12480.0,,400000.0,149.014,,,,,,,,,,,,,,34.0,
1000g-chrY.vcf.gz,limite,variantes x amostras,0,0.0,,,,,,True,,medido a parte por teto_memoria.mjs; ver teto_memoria.csv,,,,,,,,,,,,,,,,,76446000.0
